amino_acid	v_gene	frequency	caTCR_score
CASSTTSTGNEQFF	TRBV12-3*01	0.012053	0.35801541478473997
CASSLLDRVAEQFF	TRBV27*01	0.011873	0.7238265005709412
CASNLWEDGGELFF	TRBV28*01	0.008755	0.9237128316349614
CASSYRRLAGMAEQYF	TRBV6-2*01	0.008689	0.8981821270952941
CASSPMGGRLDEQYF	TRBV12-3*01	0.008261	0.8955218738195624
CASSRGDGIGNEQFF	TRBV6-6*05	0.007009	0.44912837026941016
CASSPIAGVEVYEQYF	TRBV28*01	0.006735	0.6426295630027243
CASGRDRGETQYF	TRBV2*01	0.006735	0.5080911792099302
CAWTYPEKLLLDGYTF	TRBV30*01	0.006529	0.9858024088514986
CATSDPGTGGELFF	TRBV24-1*01	0.006356	0.6147076588885181
CASSRTYNEQFF	TRBV12-3*01	0.006272	0.19956437401939756
CASSFPPPSYEQYF	TRBV28*01	0.006096	0.8713504740349314
CATSRATGTGELFF	TRBV15*02	0.005613	0.25986892437458214
CASSQGQETQYF	TRBV28*01	0.005513	0.22435009033103614
CASSYAGTGVSYEQYF	TRBV28*01	0.005091	0.43933699228133083
CASRDRTGGNSPLHF	TRBV28*01	0.00503	0.24204981218119098
CASSGTANNSPLHF	TRBV6-6*05	0.004962	0.36255485694350825
CASSLLDRLYEQYF	TRBV27*01	0.003867	0.33389264546186675
CASSTEVWNTGELFF	TRBV28*01	0.003495	0.6140372281315807
CASSLLDRAYEQYF	TRBV27*01	0.003459	0.4015856860009818
CASSLVGAGTGPYEQYF	TRBV7-8*01	0.003415	0.22894603881659098
CSARRSHNEQFF	TRBV20-1*01	0.003368	0.9047503543768101
CASSSVTNQPQHF	TRBV28*01	0.003289	0.12812814085923893
CASSSGTDSGANVLTF	TRBV7-3*01	0.0032	0.11719716544375046
CASSYWDTSDSGANVLTF	TRBV6-5*01	0.00318	0.8458729172640319
CATKPGTGVVTGELFF	TRBV30*01	0.003098	0.6968740741278561
CASSLGQETQYF	TRBV5-1*01	0.003082	0.18432284201302443
CASTWTGFEKLFF	TRBV6-1*01	0.003072	0.591085993713127
CASDAGTEVSPLHF	TRBV6-6*04	0.003058	0.9035302079595299
CASSLRLAGVEEQYF	TRBV11-3*01	0.003032	0.5022506785370312
CSAPRYAELDEQFF	TRBV20-1*01	0.003015	0.994936721401972
CASIPGLAGYNEQFF	TRBV6-2*01	0.00292	0.6895802046731597
CASKELTGANVLTF	TRBV12-3*01	0.002885	0.5810113449621153
CASRTAGNEQFF	TRBV12-3*01	0.002858	0.3785992229306427
CASSRTSGNSYEQYF	TRBV5-1*01	0.002843	0.22598147870863272
CASSLAGGFNEQFF	TRBV28*01	0.002834	0.30287787916103687
CSAREVGGRYNEQYF	TRBV20-1*01	0.002789	0.9432753237169009
CASSWAPGELFF	TRBV11-2*01	0.00276	0.6211550542277138
CSARDGREQYF	TRBV20-1*01	0.002731	0.8406318086570259
CASLDTNTGELFF	TRBV6-6*04	0.002725	0.2516645400241267
CASSEVASGSYEQYF	TRBV6-1*01	0.002723	0.26418730326603196
CASSFLGPGQGIDEQFF	TRBV5-1*01	0.002712	0.8410800508905136
CASSVANGNYNEQFF	TRBV9*01	0.002687	0.41655548701547457
CASSVASGRGGELFF	TRBV6-1*01	0.002565	0.3577094657265076
CSARDASGFREKLFF	TRBV20-1*01	0.002543	0.986521044727659
CASSGAGGSYEQYF	TRBV6-1*01	0.002499	0.09964269415925593
CASSTGALRRPDQPQHF	TRBV6-6*05	0.002492	0.8990170533147831
CASRQGARTGELFF	TRBV12-3*01	0.002486	0.4445094999572708
CASSLGGISYEQYF	TRBV7-2*01	0.00246	0.20919787117464345
CASSLPSYNEQFF	TRBV6-6*04	0.002413	0.2133571271209701
CASSLTPYNEQFF	TRBV5-1*01	0.002372	0.30984135979265265
CASQGPANTGELFF	TRBV28*01	0.002332	0.5670079106970464
CASSLALAGGGYEQYF	TRBV7-8*01	0.002296	0.18819736801279735
CATHPGPIRTGELFF	TRBV6-6*04	0.002278	0.9835566830776398
CSAGGAVTQYF	TRBV20-1*01	0.002262	0.9232647122784964
CASSEMRDRGLETQYF	TRBV6-1*01	0.002255	0.5313441761706484
CASSVTRETKLFF	TRBV6-1*01	0.002248	0.4048661915434947
CASSDGQGAYNSPLHF	TRBV12-3*01	0.002224	0.47162293821156565
CASSLSGLANTGELFF	TRBV27*01	0.002224	0.24380697143625804
CSARELAGVDEQYF	TRBV20-1*01	0.002208	0.9416481728119814
CASSYGRGQPQHF	TRBV6-5*01	0.002203	0.1735665464616967
CATEGGTGANVLTF	TRBV24-1*01	0.002077	0.30654574663558043
CASSSYTLSSGNTIYF	TRBV28*01	0.002055	0.5657059887836711
CATGGNTEAFF	TRBV10-3*01	0.002053	0.1542441780061857
CASSVEEGRTDEQFF	TRBV2*01	0.002051	0.5374552219635514
CASNARGNSPLHF	TRBV6-6*05	0.002017	0.4281658867687374
CASKQDLNTGELFF	TRBV6-6*04	0.002013	0.6518278158646336
CASRPPANTGELFF	TRBV12-3*01	0.002002	0.5637413468549268
CASSPPGQVSNYGYTF	TRBV6-6*03	0.001977	0.5842941801938604
CASRGTGELFF	TRBV6-6*04	0.001963	0.10402924849473763
CASSPLVLSSYEQYF	TRBV28*01	0.001945	0.5644257704960308
CASSLAGTDTQYF	TRBV6-6*05	0.001944	0.14304162938625836
CASSSLTGELFF	TRBV28*01	0.001941	0.1364904386854998
CASSYGGRETGEQFF	TRBV6-2*01	0.001932	0.6167444108943132
CASSRGGDSSYSPLHF	TRBV6-6*03	0.001903	0.6088617009827523
CASSRSGSKYNEQFF	TRBV12-3*01	0.001873	0.5746493107760876
CASILGGTGGTEAFF	TRBV6-6*03	0.001872	0.36155411055166214
CASSLGTGYTF	TRBV12-3*01	0.001864	0.08631606790639543
CSATRSYNEQFF	TRBV20-1*01	0.001849	0.6738099520680934
CSARDGGTTSTEAFF	TRBV20-1*01	0.001846	0.8927664515538225
CASSRRAGAGGSYNEQFF	TRBV5-1*01	0.001846	0.4120993277665677
CASTRYSTGELFF	TRBV6-6*03	0.001835	0.3511966870181212
CASSPPGPGEQYF	TRBV12-3*01	0.001835	0.3839853762848563
CATIPGLAGSNEQFF	TRBV6-2*01	0.001832	0.8507277481131021
CASSLGGGNSPLHF	TRBV5-1*01	0.00181	0.1396368807187203
CASSEGQAYEQYF	TRBV2*01	0.001803	0.2472085518686321
CASRRDGIYGYTF	TRBV6-6*04	0.001788	0.4434670460719405
CSASTRGQGNTEAFF	TRBV20-1*04	0.001779	0.6873059553685832
CASSFVPGANVLTF	TRBV28*01	0.001753	0.3371098897551674
CSARKPGRVNGELFF	TRBV20-1*01	0.001734	0.9540420508252453
CSAALWAPSYEQYF	TRBV20-1*01	0.00172	0.9887183955933797
CASIPGTGGSYEQYF	TRBV6-6*04	0.001709	0.4056260241525943
CANGQGISGELFF	TRBV6-6*04	0.001692	0.585099345515578
CASSLTSSSYNEQFF	TRBV6-6*04	0.00168	0.14645982791814918
CASSYGPGGVDTGELFF	TRBV6-2*01	0.001679	0.6042777498465579
CASGDRGRFGYTF	TRBV6-6*04	0.001673	0.7942720815490104
CSAITGHSGYGYTF	TRBV20-1*04	0.001668	0.9162650826016223
CASSPQTSGSGEQYF	TRBV12-3*01	0.001667	0.3453120008503744
CASSLFQASGANVLTF	TRBV12-4*02	0.001649	0.524698702454618
CASSFSPGRAHEQYF	TRBV12-3*01	0.00164	0.7821435713103316
CASSRTSGAPTGELFF	TRBV6-6*04	0.001626	0.4618047433931861
CASSPVRGTGANVLTF	TRBV5-1*01	0.001616	0.4333780600384436
CASSRDSQGGAYEQYF	TRBV19*01	0.001616	0.3001680324753964
CASRLGPNVGPFNEQFF	TRBV6-6*05	0.001612	0.7766218628340298
CASMQGPGNTIYF	TRBV6-1*01	0.001603	0.46704258074011584
CASSSAGPPENEQFF	TRBV5-1*01	0.001596	0.5814702545957487
CASSLGLGYEQYF	TRBV28*01	0.001592	0.12059425562848583
CASSPRGSYGYTF	TRBV12-3*01	0.001592	0.17522950211421554
CASSVGGGGETQYF	TRBV6-1*01	0.001592	0.2214236563899288
CAWSRDSHGYTF	TRBV30*01	0.001584	0.4119152726503966
CASSYQGHQPQHF	TRBV6-2*01	0.001565	0.2387851467574269
CASSWGKRGKRGETQYF	TRBV11-2*01	0.001563	0.6827176344671488
CASSLDNDREAFF	TRBV5-1*01	0.001549	0.3728101198066704
CASSSKTYNSPLHF	TRBV6-6*01	0.001545	0.4778066020178191
CASSEYRTNTEAFF	TRBV6-1*01	0.001544	0.2695993993339442
CASTSGGGRIAGELFF	TRBV5-1*01	0.001538	0.7419264472149194
CEAREGGTHEQFF	TRBV24-1*01	0.001534	0.8246467447812105
CASSDFGYVEQFF	TRBV6-1*01	0.001527	0.66852856527777
CASSLTPLTEQFF	TRBV7-3*01	0.001519	0.6918619630526259
CASSLLAEIGNQPQHF	TRBV7-8*03	0.001518	0.5255096304108638
CASSRDDRVDTEAFF	TRBV28*01	0.001516	0.5002098530407708
CASSPLAEADKRTDTQYF	TRBV2*01	0.001506	0.7495089725928111
CASSLGIRGNTGELFF	TRBV12-3*01	0.001505	0.5662390285801213
CASRRQGTPNYGYTF	TRBV6-6*03	0.001502	0.5700469433808054
CASSGDSIIRSSYNEQFF	TRBV19*03	0.0015	0.9056210345416716
CAWSVPRGPYGYTF	TRBV30*01	0.001496	0.8913952451567522
CSADSGGYYNEQFF	TRBV20-1*05	0.001487	0.8803915208244318
CASSAATGAPNYGYTF	TRBV9*01	0.001484	0.4803835757235648
CASSLDPGISPLHF	TRBV11-2*01	0.001481	0.7331821158217122
CASSLTQNTGELFF	TRBV27*01	0.001474	0.18538454829054657
CSARDVLSSYNEQFF	TRBV20-1*01	0.00147	0.934149286539071
CSAREPPLAGYPYTF	TRBV20-1*01	0.001459	0.9876534725450791
CASRITGGRTEAFF	TRBV11-2*01	0.001447	0.5701960261788783
CSARKTGREQYNEQFF	TRBV20-1*01	0.001444	0.9770044464651354
CASSEVGRGVGYTF	TRBV6-1*01	0.001438	0.5176582069450056
CASSEGQGANYEQYF	TRBV2*01	0.001435	0.21327346731949556
CASSISPIQGYLAYNEQFF	TRBV19*01	0.00143	0.7054763983042953
CASSEGQGYEQYF	TRBV2*01	0.001429	0.10070596972673221
CASTKQVSPLHF	TRBV28*01	0.001428	0.7892907579933149
CASSLELAGPYNEQFF	TRBV12-3*01	0.001422	0.4022607698166407
CASTERAGTLSGANVLTF	TRBV10-1*01	0.001419	0.7569189105613486
CSASGLVQGEQYF	TRBV20-1*02	0.001417	0.8810154878541827
CASSTTGATNYGYTF	TRBV5-1*01	0.001414	0.1450246723629768
CASSPGGMNTEAFF	TRBV11-2*01	0.001414	0.19997291641541026
CASRRDTGTSGYNEQFF	TRBV2*01	0.001411	0.4121844578748013
CASSEDERTATYEQYF	TRBV6-1*01	0.001408	0.6927486761216143
CASSSQTVTGSPYEQYF	TRBV12-3*01	0.001402	0.5469789224107593
CASSARDRGPGGYTF	TRBV5-1*01	0.001396	0.5416469788483599
CASSGGSGTLSYEQYF	TRBV6-1*01	0.001396	0.5681107987891384
CASSPTSGEPYNEQFF	TRBV6-6*04	0.001396	0.5054182077400879
CASSYLRTSGEQETQYF	TRBV6-2*01	0.001391	0.5648645854129223
CSASCGGGIYEQYF	TRBV20-1*04	0.001383	0.8755166663598851
CSARVPRLTPRGTQYF	TRBV20-1*01	0.001377	0.9966673942854817
CASSLAPGGNYEQYF	TRBV7-8*01	0.001377	0.26951867930815676
CASSDSSNTGELFF	TRBV2*01	0.001371	0.12115241160475787
CSARVRRKIYEQYF	TRBV20-1*01	0.001366	0.993643932463275
CATRTANTGELFF	TRBV24-1*01	0.001362	0.508316803983466
CASSLRTGLNTGELFF	TRBV7-2*01	0.00136	0.3865553721971328
CASSSIWGTNTGELFF	TRBV7-2*01	0.001359	0.641788712704405
CSARSIAGGPPEQFF	TRBV20-1*05	0.001357	0.991564178645664
CAWSPGQDYEQYF	TRBV30*01	0.001351	0.5237816738243111
CASSFSDLSYEQYF	TRBV12-3*01	0.001348	0.5231772365322366
CASRTSANEQFF	TRBV12-4*01	0.001348	0.32328693759639465
CASSLTGEGSGNTIYF	TRBV6-6*05	0.001343	0.1645300468532793
CASKVGGSPLHF	TRBV12-3*01	0.001341	0.3517462910966215
CASSSGQGSNSPLHF	TRBV5-1*01	0.00134	0.30060598571986547
CASRDRTEEQYF	TRBV6-6*01	0.001339	0.48528942454426394
CASSLSWPGNTGELFF	TRBV5-1*01	0.001332	0.782629343318794
CASSWGREKVYGYTF	TRBV6-5*01	0.00133	0.525594597863568
CASSSYNEQFF	TRBV12-4*02	0.001328	0.09661704518329779
CASRPLRPRDEQFF	TRBV6-2*01	0.001326	0.9263405374081253
CASGTGELFF	TRBV12-3*01	0.001326	0.1826041170650177
CASSSLDSAGNTIYF	TRBV6-6*03	0.001325	0.243115614645782
CASPRNEQFF	TRBV6-2*01	0.001313	0.4131239732753204
CSARGVSYEQYF	TRBV20-1*01	0.001311	0.8083863481161173
CASSRLDQTYNEQFF	TRBV5-1*01	0.001311	0.41197692725382457
CASSSRTGQYTMVYFGYTF	TRBV19*01	0.00131	0.8667512970402601
CASSFGGIPYNEQFF	TRBV6-5*01	0.00131	0.5111367161762452
CASTNELAGGMDTGELFF	TRBV12-3*01	0.001308	0.7390314168974857
CSALLLAGAFRSYEQYF	TRBV20-1*01	0.001304	0.9506866808456615
CASSPGTAGYEQFF	TRBV7-3*01	0.001302	0.3817946967181403
CASKNSGGYGYTF	TRBV28*01	0.001296	0.1950859209365774
CASRRDRITEAFF	TRBV28*01	0.001295	0.5794776674992755
CASSLGGRVYNEQFF	TRBV28*01	0.001293	0.44257819628067324
CASSYLLAGGVNEQFF	TRBV2*01	0.001293	0.6636309483621882
CASSMGGEQYF	TRBV6-6*04	0.001291	0.3130514657509525
CASSTRTSGSYEQYF	TRBV11-2*01	0.001289	0.2327921191767545
CASQGGGTVRNSPLHF	TRBV6-6*04	0.001288	0.8774564336752502
CASRSTGGGYGYTF	TRBV12-3*01	0.001284	0.10216264657586378
CASSSGWGGSSYEQYF	TRBV5-1*01	0.001283	0.3083417683524705
CASSLESVPQWGNEQYF	TRBV28*01	0.001283	0.9076032003808596
CASSERTSGHNEQFF	TRBV10-1*01	0.001281	0.31901109028487834
CASSLPQGFGSPLHF	TRBV28*01	0.001281	0.5246805153380686
CASSGGGQPQHF	TRBV6-1*01	0.00128	0.10649249679180883
CSARDFSGFTDTQYF	TRBV20-1*01	0.001277	0.8905464198889251
CSATSGRDSFGEQYF	TRBV20-1*01	0.001277	0.9378427525997926
CASRTPGVEQYF	TRBV12-3*01	0.001273	0.6618745892059863
CSARVAGGQSYEQYF	TRBV20-1*01	0.001272	0.8707434221851095
CASSLGREREQFF	TRBV11-3*01	0.001262	0.4751703514999841
CASRTGQGGTYEQYF	TRBV5-1*01	0.001257	0.23237661161154582
CASSLGQGARREQYF	TRBV11-1*01	0.001257	0.5776981061914352
CASSNGGGQTYEQYF	TRBV28*01	0.001256	0.43941303450066393
CATSDGHVSGANVLTF	TRBV24-1*01	0.001255	0.48153645415506047
CSASTLFMNTEAFF	TRBV20-1*04	0.001253	0.5969017418938559
CASSSRDRGSYNEQFF	TRBV11-3*01	0.001253	0.28621674420342985
CSARDVLGRYF	TRBV20-1*01	0.001242	0.9846595924967161
CASSLGPTRNYEQYF	TRBV7-2*01	0.00124	0.4377153787552911
CASSYSGGEQFF	TRBV6-6*01	0.001234	0.2111769556443329
CASRSGTDPYEQYF	TRBV12-3*01	0.001231	0.3883377750118525
CASRTNPGQGKETQYF	TRBV27*01	0.001222	0.8560789825940014
CASRRGGGNTGELFF	TRBV2*01	0.001219	0.16996628693990298
CASSLESGFTGELFF	TRBV11-2*01	0.001216	0.25371069804464164
CASSIYENTEAFF	TRBV19*01	0.001213	0.18667549816338308
CASSIGKGSYNEQFF	TRBV19*01	0.001204	0.3584227638016818
CSVPNPKALGAYEQYF	TRBV20-1*01	0.001203	0.9633405886742307
CASSGVHTAEAFF	TRBV6-1*01	0.001203	0.630711797841563
CASSFGTGELFF	TRBV12-3*01	0.0012	0.08328677088402506
CASSEGLAGGLSYEQYF	TRBV11-2*01	0.001199	0.1849621285589453
CASSLESSGELFF	TRBV11-2*01	0.001198	0.21693041724811413
CASSSPATFNYGYTF	TRBV6-6*01	0.001197	0.5070729007746044
CASSRQNTGELFF	TRBV19*01	0.001195	0.10775626003314354
CSASGVGGRDYGYTF	TRBV20-1*04	0.001193	0.800042473880466
CASSNDRGVMNTEAFF	TRBV6-6*03	0.001192	0.4628360999649582
CASSQFPGQGISGNEQFF	TRBV28*01	0.001192	0.8832240852105528
CASSLWSSRDRGKQYF	TRBV28*01	0.001191	0.9210054342148302
CASSKRNEQYF	TRBV6-1*01	0.00119	0.33541993249687796
CSARAIEVYSGTPYEQYF	TRBV20-1*05	0.00119	0.9639975352056322
CASSPPWDNYGYTF	TRBV7-9*01	0.001189	0.6620140643763189
CASSAARTGELFF	TRBV12-3*01	0.001186	0.21322352689830634
CASSLLGGRAHTGELFF	TRBV28*01	0.001184	0.6479253322290807
CASSRDLVYGYTF	TRBV12-3*01	0.001176	0.49424835334225437
CASSIDRRTYNSPLHF	TRBV27*01	0.001175	0.6085943590751022
CASSEEPRTYEQYF	TRBV6-1*01	0.001173	0.42305377991079407
CSAARTGSYEQYF	TRBV20-1*01	0.001167	0.7220957168706451
CASSSGGPYEQYF	TRBV7-2*01	0.001162	0.15098684322847164
CASSVRDSSGANVLTF	TRBV6-1*01	0.001159	0.2706352865004396
CASSWTGETGELFF	TRBV5-1*01	0.001158	0.46699656215758795
CASSTGAPQHF	TRBV28*01	0.001156	0.1877256044133702
CSASWAANTDTQYF	TRBV20-1*04	0.001156	0.9259241311317937
CASSLETGYGYTF	TRBV5-1*01	0.001155	0.12301024386248736
CASSYSSDSSYEQYF	TRBV6-5*01	0.001154	0.23672338272469884
CSAVRGTRGSYTDTQYF	TRBV20-1*01	0.001149	0.9710811055376727
CASIPGLAGPVSYEQYF	TRBV2*01	0.001143	0.7943356935488649
CAISEGRERGNEQFF	TRBV10-3*01	0.001142	0.8159569307733289
CSAFNGRESSYEQYF	TRBV20-1*01	0.001138	0.9237406994018076
CASSDRRQGADEQYF	TRBV2*01	0.001138	0.47432239421567884
CASSGGTGGYNEQFF	TRBV2*01	0.001137	0.15725912794397431
CSAWTSGRAGYEQYF	TRBV20-1*04	0.001135	0.9560183767186009
CASSLDGWDTGELFF	TRBV6-6*05	0.00113	0.4685151926669394
CASRLGHLTGGSYNEQFF	TRBV12-3*01	0.001129	0.5894110577462882
CASSVDPTGTDYTGELFF	TRBV5-1*01	0.001125	0.5827427374521865
CASSLSGYEQYF	TRBV12-4*02	0.001123	0.12329724821373614
CASSESGSNQPQHF	TRBV2*03	0.001122	0.13447501892641137
CASSAGTSGKLVYEQYF	TRBV9*03	0.001121	0.6069986269143572
CASSPGGSGSYEQYF	TRBV5-1*01	0.001119	0.19610142554841462
CASRVAYEQYF	TRBV6-1*01	0.001115	0.31074693970582584
CASSLPDPSYEQYF	TRBV28*01	0.00111	0.5511557491691279
CASSPALITSGSLDEQFF	TRBV7-3*01	0.001109	0.8679154488595664
CSARDIQVYEQYF	TRBV20-1*01	0.001108	0.9572998236514944
CSARDQADGEQFF	TRBV20-1*01	0.0011	0.9587498556420853
CASSARGQQETQYF	TRBV2*02	0.001094	0.42500890677291964
CASSLGLGFGNEQFF	TRBV12-4*02	0.001092	0.472980248513369
CASSPGSGLPREDTQYF	TRBV27*01	0.001084	0.7114998299114725
CASSPGTSSEQYF	TRBV5-1*01	0.001077	0.28589048684836593
CASSRQGDQPQHF	TRBV28*01	0.001077	0.13098445439584305
CASSEGQGYGYTF	TRBV5-1*01	0.001074	0.09993643531273648
CASSYPGLAGDTQYF	TRBV6-2*01	0.001074	0.5602534759804159
CASSLAYRSYGYTF	TRBV12-3*01	0.001071	0.5558030252524903
CSASRLYEQYF	TRBV20-1*04	0.001068	0.6395418589762167
CAIRNDRGRASGGYNEQFF	TRBV10-3*01	0.001061	0.9529974610820112
CASSWGDSTYNEQFF	TRBV7-8*01	0.001055	0.6263081991966981
CASSRQGFSEAFF	TRBV28*01	0.001054	0.2922663753246079
CASSRDYRYEQYF	TRBV11-2*01	0.001054	0.33012822295472877
CASSYSKGDANYGYTF	TRBV6-6*01	0.001054	0.4219324058609628
CASSEYLAGSYNEQFF	TRBV6-1*01	0.001053	0.48752658389356573
CASRTGGSGANVLTF	TRBV6-6*03	0.001046	0.10692737273381037
CASSRAGTGWHEQYF	TRBV6-6*05	0.001042	0.622842508676981
CASSLERVALFSGANVLTF	TRBV7-8*01	0.001041	0.9336123581767458
CASTRPEETGELFF	TRBV28*01	0.001038	0.6925534436537487
CSVGVDGYTF	TRBV20-1*01	0.001037	0.7196177295145051
CASMSGSRAQGEQFF	TRBV2*01	0.00103	0.6436599551361014
CASSDMTGSSYNEQFF	TRBV7-3*01	0.001029	0.4402339143202624
CSARRWRQGVGTEAFF	TRBV20-1*01	0.001024	0.9867198843750453
CSARKPGSIRKDYTF	TRBV20-1*01	0.001023	0.9872580032489182
CASSTRGQGVDEQYF	TRBV7-9*04	0.00102	0.49224934976293044
CASSLETGAAGDYGYTF	TRBV28*01	0.001018	0.26379734098956287
CASSYALGYEQYF	TRBV6-6*01	0.001015	0.19383926388806785
CATSDSTGRGYTF	TRBV24-1*01	0.001008	0.5247467842818506
CASSSTGTGIYGYTF	TRBV28*01	0.001006	0.2924922943148127
CASSLDPPGGSAFNEQFF	TRBV11-2*01	0.001004	0.8780653496978679
CASSSLRTSGLSSYEQYF	TRBV7-9*01	0.000999	0.2731309490139394
CASSLGGTGLYNEQFF	TRBV5-1*01	0.000998	0.3556804446788408
CASSFGGDEQFF	TRBV27*01	0.00099	0.24058057213563724
CASSERGQATTGELFF	TRBV25-1*01	0.000987	0.5087535973102298
CASILAGGTNEQYF	TRBV28*01	0.000985	0.5051237786268177
CASSLAQTNTEAFF	TRBV5-1*01	0.000984	0.16644422423389885
CASSLIGAGGRGDTQYF	TRBV5-1*01	0.000983	0.328270811781206
CASRAKPGQGYNEQFF	TRBV6-6*05	0.000982	0.32501173695310126
CSARTGTGVGGYTF	TRBV20-1*01	0.000979	0.9161323864351543
CSASWRMANEQFF	TRBV20-1*04	0.000979	0.878246243611874
CASSRTGRESYEQYF	TRBV2*01	0.000979	0.3113830847977641
CASTTGGNEQYF	TRBV28*01	0.000978	0.2962188871584463
CASISGLAGYNEQFF	TRBV6-2*01	0.000978	0.5587263924459971
CASSRHEQYF	TRBV7-3*01	0.000976	0.21523339079384082
CASSWDKSLADSTGELFF	TRBV12-3*01	0.000974	0.7688128228596047
CASSAWEEQYF	TRBV2*01	0.000972	0.4690132942398094
CASSSADSSYNEQFF	TRBV5-1*01	0.00097	0.18692459977853346
CARDRDSSYEQYF	TRBV10-1*01	0.000968	0.24105150282548216
CASSWASGSREQYF	TRBV12-3*01	0.000963	0.6612454346356631
CASSRTSRQETQYF	TRBV2*01	0.000963	0.5693658921652656
CASSEAEGQLDF	TRBV2*01	0.000962	0.8739310743365696
CASKGGYEQYF	TRBV28*01	0.000957	0.22920460362111358
CASKLDGNSGNTIYF	TRBV27*01	0.000956	0.3969129508200336
CSARRSHNEQFF	TRBV20-1*01	0.000955	0.9047503543768101
CASSPRGYTGELFF	TRBV11-3*01	0.000954	0.2845221518948314
CASGRVAGYEQYF	TRBV27*01	0.000953	0.41008222683508416
CASSPGLGTQYF	TRBV11-2*01	0.000951	0.3566253281567165
CSAWDRGSEAFF	TRBV20-1*01	0.000949	0.8896535892985659
CSAISETSGGISYNEQFF	TRBV20-1*04	0.000948	0.9443743357074637
CSAYLGQVNQPQHF	TRBV20-1*01	0.000948	0.8872987315437467
CASSPTQTSGSYEQYF	TRBV11-2*01	0.000946	0.3915349094930217
CASAWASGNYEQYF	TRBV2*01	0.000945	0.4295252346372053
CASSRGTSGGYEQYF	TRBV5-1*01	0.000945	0.1540944483182163
CSALRATNEKLFF	TRBV20-1*01	0.000944	0.8368581889815176
CASSLVTGKPTDTQYF	TRBV5-1*01	0.00094	0.682964884301866
CASSQMDRTPYEQYF	TRBV11-1*01	0.000939	0.5884626081467222
CASSLAGVQNEQFF	TRBV7-8*01	0.000938	0.4143700696381996
CASSRPSSGSTDTQYF	TRBV5-1*01	0.000937	0.26767419665923786
CASSQGTGYTF	TRBV12-3*01	0.000937	0.10381417766670846
CASSFEGRTWFF	TRBV28*01	0.000936	0.8706460646127632
CASSPDSMQQYF	TRBV6-6*03	0.000935	0.5199578591684558
CATSDPGQANEQFF	TRBV24-1*01	0.000934	0.7105469348799869
CSAIQALVHNF	TRBV20-1*01	0.000932	0.994163197237035
CASSFQTLDRPSSPLHF	TRBV12-3*01	0.000932	0.9482717725788249
CASSFRAPHEQYF	TRBV7-2*01	0.000931	0.5937553863966726
CASRTTGYGYTF	TRBV28*01	0.000931	0.17828938016295018
CASSLTQPQHF	TRBV6-5*01	0.000929	0.15520647285583236
CASSLEAGSGQYF	TRBV11-2*01	0.000928	0.5067296695129964
CASSGSSGANVLTF	TRBV6-6*04	0.000927	0.11070833488816485
CASRNYLAGGGEQFF	TRBV6-1*01	0.000927	0.6985853331755656
CSATNRGKGTDTQYF	TRBV20-1*01	0.000926	0.8634126428538362
CASSLQGDPEAFF	TRBV6-6*05	0.000926	0.5142037789301053
CASSSGPNEQFF	TRBV28*01	0.000926	0.25730604848943595
CASSWGSGTVNEQFF	TRBV12-3*01	0.000925	0.6203030637058717
CASSIADSRTDTQYF	TRBV19*01	0.00092	0.6199159875777228
CSASVQRELAFNEQFF	TRBV20-1*02	0.000919	0.9769622316526392
CASIRTGGSYEQYF	TRBV2*01	0.000917	0.27069747150083584
CSARDGSPDRAYEQYF	TRBV20-1*01	0.000916	0.9828499155552509
CASSDQYRGGGSPLHF	TRBV2*01	0.000915	0.637912665770851
CASSRGLAGGPPSTDTQYF	TRBV5-1*01	0.000914	0.7257417564314695
CASTIGGGRNTIYF	TRBV28*01	0.000914	0.4065897133977349
CASSLTLYQETQYF	TRBV12-3*01	0.000913	0.46630470843394717
CSVLVSSGRGYNEQFF	TRBV20-1*04	0.000906	0.8445913653952575
CASSKTRDYTFLTQYF	TRBV28*01	0.000904	0.7206271041200658
CASSLELDYEQYF	TRBV5-1*01	0.000903	0.2075338336356918
CASSPSGQGVYEQYF	TRBV27*01	0.000902	0.33202184232615356
CASSFGFPGTGANYGYTF	TRBV27*01	0.000898	0.7552329377207005
CASSLMNTGELFF	TRBV7-3*01	0.000895	0.17994732008736034
CASSDWQGQFF	TRBV2*01	0.000895	0.5900254661958018
CASSLLDGLSYEQYF	TRBV5-5*01	0.000893	0.31229283433799293
CSARDRRQGLYEQYF	TRBV20-1*01	0.000888	0.8985444969682016
CATSDSGRADYGYTF	TRBV24-1*01	0.000888	0.4984594855774718
CASSLLGDSVGYTF	TRBV5-1*01	0.000886	0.3865644533754519
CASSNSGTGGKGYTF	TRBV6-2*01	0.000886	0.5658814136461691
CSASRGRGTKTQYF	TRBV20-1*02	0.000883	0.9761091574480575
CASIPGLAGSYEQYF	TRBV6-2*01	0.000883	0.550628960941824
CASSGQMGQAYTGELFF	TRBV2*02	0.000883	0.8083850186135989
CASSPTGIQPQHF	TRBV12-3*01	0.00088	0.3340585189542642
CASSRNRAENTEAFF	TRBV6-6*04	0.000879	0.46711587707054336
CALAGGASYEQYF	TRBV14*01	0.000879	0.3285424111188579
CASSQGGRSYNEQFF	TRBV11-3*01	0.000878	0.18433572890533725
CSARPLVEQYF	TRBV20-1*01	0.000877	0.9700453090166132
CAWGTGGGYGYTF	TRBV30*05	0.000874	0.587296163766494
CASTVGGRNTEAFF	TRBV28*01	0.000874	0.19032264506148291
CSAWGLQPTEEQYF	TRBV20-1*01	0.000869	0.9851910617036436
CASSLILAGLSGANVLTF	TRBV11-2*01	0.000868	0.6004272648047511
CASSPPGDIYEQYF	TRBV5-1*01	0.000866	0.35200720291471516
CASSGNRAGTYGYTF	TRBV9*03	0.000866	0.23750325998147082
CSARDPVSASGASGQYF	TRBV20-1*01	0.000865	0.9904732723115578
CSAESGEGVGYTF	TRBV20-1*01	0.000864	0.7894120662759749
CASSPQGRGEQYF	TRBV28*01	0.000863	0.35927308921559464
CASSSSNTGELFF	TRBV27*01	0.000863	0.10666126193719917
CASSLNSGSRNEQFF	TRBV19*01	0.000861	0.5225001651272322
CASSLSGGYGYTF	TRBV5-1*01	0.000859	0.11569611165643257
CATNPQSGYGYTF	TRBV6-6*03	0.000858	0.7228936513189866
CASELSGSNYNEQFF	TRBV5-1*01	0.000856	0.2794567703747853
CASSGTVQETQYF	TRBV6-1*01	0.000854	0.4484502106850719
CASSFRGSLDEQYF	TRBV12-4*02	0.000849	0.7217690376793728
CASSPSGRAAGEQFF	TRBV7-3*01	0.000849	0.631400380886217
CASSSNTGELFF	TRBV28*01	0.000848	0.10666126193719917
CASSLPLQTYEQYF	TRBV11-2*01	0.000846	0.4775103077744774
CASSLPGAGETQYF	TRBV5-1*01	0.000846	0.2833985795450211
CASSGLAYEQYF	TRBV6-1*01	0.000845	0.12706349717482623
CSARGAGNYGYTF	TRBV20-1*01	0.000845	0.6176588524093555
CASSDMGQASYEQYF	TRBV2*01	0.000845	0.5544626610614635
CATGGLAANTGELFF	TRBV24-1*01	0.000845	0.38496482475241933
CSAPYRGLYNEQFF	TRBV20-1*01	0.000845	0.943825549860988
CASSTGTGYTF	TRBV12-3*01	0.000843	0.099195756515327
CSARVMRGSYNSPLHF	TRBV20-1*01	0.000843	0.9348641783566695
CSAPPGLVGNEQFF	TRBV20-1*01	0.000843	0.9102348176718504
CASSSQGAWNQPQHF	TRBV5-1*01	0.00084	0.2731024907664655
CASSPRTSSKDTQYF	TRBV5-1*01	0.000838	0.5995145194351774
CASSLESGNTIYF	TRBV11-2*01	0.000838	0.1896846615915898
CASSLGRVEGYTF	TRBV7-2*01	0.000835	0.31860097714779034
CASTNPGTYHNEQFF	TRBV6-6*04	0.000834	0.8759946948325941
CASSRVETYEQYF	TRBV4-1*01	0.000833	0.4025945085798177
CASRPDRGLYEQYF	TRBV2*01	0.000833	0.5584709600992447
CASSPDPGRGYTF	TRBV19*01	0.00083	0.5954675449894529
CSARVSGRGEQYF	TRBV20-1*01	0.000826	0.9483333939310533
CSARDSNEQFF	TRBV20-1*01	0.000825	0.7430351062863608
CASSLSVMQSSYNEQFF	TRBV11-2*01	0.000822	0.39620939371188896
CASSGDRGLIETQYF	TRBV2*01	0.000819	0.7678126930164664
CASSVSRVNEQFF	TRBV2*03	0.000813	0.5558272174904072
CASNQLKVNTEAFF	TRBV2*01	0.000811	0.6517678474984014
CASSLRGRAGEQYF	TRBV7-2*01	0.000809	0.45863934229330994
CASRRGGDVNEQFF	TRBV28*01	0.000809	0.3688094305667325
CATSRAGLAGYNEQFF	TRBV15*01	0.000809	0.36211080812279584
CSARSVAGRADTQYF	TRBV20-1*05	0.000807	0.9602632237143739
CATSGTVAFTGELFF	TRBV24-1*01	0.000805	0.8098313959929042
CASGQWAVGEEQFF	TRBV2*01	0.000803	0.9517375756739477
CATSDAVAGQEHTDTQYF	TRBV24-1*01	0.000798	0.8472312190351314
CSARDLKRGSTDTQYF	TRBV20-1*01	0.000795	0.9841618203232604
CSARTLREVAYNEQFF	TRBV20-1*02	0.000793	0.9726609544258913
CASSSLTPGADTQYF	TRBV6-2*01	0.000792	0.42854516529504466
CASSRRGASSGANVLTF	TRBV27*01	0.00079	0.29207568182461013
CASSYAVRGEQYF	TRBV6-6*01	0.000787	0.7736853514356836
CAISDRYDSYEQYF	TRBV10-3*01	0.000782	0.6758780932595102
CASSFKAGLMGSSYEQYF	TRBV19*01	0.00078	0.6766497637030443
CSARDADGGGGAYGYTF	TRBV20-1*01	0.000779	0.8565431740794386
CASSVGRLDNEQFF	TRBV9*01	0.000775	0.7477008794452453
CASSLRAGAPNTEAFF	TRBV12-3*01	0.000773	0.43628951056565524
CASSLLSQPQHF	TRBV28*01	0.000773	0.23101475002544747
CSAQIGGWSYNEQFF	TRBV20-1*01	0.000771	0.9431583942063096
CASSPRGTGTDTQYF	TRBV7-9*04	0.00077	0.2409679412977297
CASSLSGVGNTIYF	TRBV12-4*02	0.000768	0.2663268800843868
CASSLGGQTYYGYTF	TRBV5-1*01	0.000768	0.2923663491063784
CASSRGVSGTDTQYF	TRBV7-3*01	0.000764	0.3018725338858788
CASSPRTSGNYEQYF	TRBV28*01	0.000761	0.17904747705566804
CASSLEPTGELFF	TRBV11-2*01	0.000761	0.3777502690885753
CASSLGGGANVLTF	TRBV27*01	0.00076	0.13701107008153157
CASSLIHGTVNEQYF	TRBV28*01	0.000759	0.757888836226702
CASSTRTSGSNEQFF	TRBV19*01	0.000759	0.4397985858547419
CASSPRRQGVYEQYF	TRBV2*01	0.000759	0.37605203966646866
CASSLETGLSGANVLTF	TRBV28*01	0.000755	0.34713485806433775
CSASRTYEQYF	TRBV20-1*04	0.00075	0.6699831353442841
CASSSGDTIYEQYF	TRBV5-1*01	0.000745	0.299234073215839
CSATGASGSRAEQFF	TRBV20-1*01	0.000744	0.9510414104027611
CAIAVGEATDTQYF	TRBV10-3*01	0.000742	0.6513434810388284
CASSSPRAGGAYNEQFF	TRBV7-8*01	0.000741	0.3865975137711768
CASSRVSGTYNEQFF	TRBV28*01	0.000734	0.30508724014661925
CSVGILTYEQYF	TRBV20-1*01	0.000733	0.8407504334148207
CASSPGLAGAYNEQFF	TRBV5-1*01	0.000733	0.27566449222841666
CASSLQQGKGAEAFF	TRBV7-8*01	0.000731	0.668430526135342
CSASIPIGDGYTF	TRBV20-1*02	0.00073	0.9789671997220717
CASSHDGGGEQFF	TRBV6-6*04	0.00073	0.37126214613039993
CASRWDRGPIGNTIYF	TRBV6-6*03	0.000728	0.4673482195949435
CASSLGRTGDTQYF	TRBV5-1*01	0.000726	0.16503795189327353
CSARVGREPYNEQFF	TRBV20-1*01	0.000725	0.9419018403773484
CSARDRQGGTYEQYF	TRBV20-1*01	0.000725	0.8211157044787112
CASSLGDSRANTIYF	TRBV12-3*01	0.000724	0.3506261293429127
CASSLEAGGEQFF	TRBV11-2*01	0.000723	0.3017683723068355
CATSVRTGPTYEQYF	TRBV24-1*01	0.000721	0.5116007180856913
CASSFRADPDTQYF	TRBV12-4*02	0.00072	0.8534606803831525
CASRSLNTGELFF	TRBV10-1*01	0.000718	0.20669479399610513
CACPDPQWRGTGELFF	TRBV6-4*01	0.000718	0.9665582184562254
CASSRDTEPYEQYF	TRBV13*01	0.000717	0.3380295611028302
CSARPGHSPGELFF	TRBV20-1*01	0.000717	0.989408210124105
CSARDREGAGGYTF	TRBV20-1*01	0.000715	0.9070261702652936
CSASPGQVGYEQYF	TRBV20-1*01	0.000715	0.7738820199912093
CSARDKGLGSEQYF	TRBV20-1*01	0.000709	0.9656592466929669
CASSLWGGAGDTQYF	TRBV28*01	0.000705	0.3992059105331937
CASSESGGTYEQYF	TRBV10-2*01	0.000704	0.15620077971168214
CASSVGPGFYEQYF	TRBV9*01	0.000704	0.343925136398602
CASSLGGERQPQHF	TRBV28*01	0.000701	0.23168432933114344
CASSFQPGRAFF	TRBV28*01	0.000699	0.9471366395224748
CASSPNRGPQLRPYEQYF	TRBV7-6*02	0.000697	0.9347729164966097
CAISEGGDGADTQYF	TRBV10-3*01	0.000696	0.6026947697985559
CASSEGLGGNTIYF	TRBV6-1*01	0.000696	0.1120969161451088
CASSPDRLGEKLFF	TRBV11-2*01	0.000694	0.5758115978098696
CASSYVDRGPYGYTF	TRBV6-5*01	0.000694	0.731673754750757
CASSLDPGANSPLHF	TRBV11-2*01	0.000692	0.49419849698712953
CASRPSGQGLTYEQYF	TRBV6-6*04	0.000692	0.44834942754914814
CASSPHGQEQETQYF	TRBV9*01	0.000691	0.5868962150425946
CAISDGLAASYEQYF	TRBV10-3*01	0.000689	0.6171987287537005
CASSETGGYGYTF	TRBV2*01	0.000687	0.09202847716084148
CASSYTAGSNTEAFF	TRBV6-5*01	0.000685	0.3518641893411543
CASRQNRGGQPQHF	TRBV28*01	0.000685	0.23486520141863965
CASIRTNTGELFF	TRBV19*01	0.000683	0.5337037540610937
CASSYSGTSTDTQYF	TRBV6-6*01	0.000683	0.3513099096852387
CASSILQGNTEAFF	TRBV19*01	0.00068	0.17192161549739918
CASRPGTANTGELFF	TRBV7-9*01	0.00068	0.37714196355238944
CASSPGPRRGQPQHF	TRBV6-6*04	0.000679	0.626473676142677
CSPYRGRTEAFF	TRBV20-1*01	0.000679	0.9274947315420502
CASSSDWNQPQHF	TRBV28*01	0.000678	0.19040451588836213
CASSVGTVNTGELFF	TRBV9*01	0.000678	0.30304127120095375
CSARPRLRRGEQYF	TRBV20-1*01	0.000678	0.9976009741306177
CASSLLAGGADTQYF	TRBV7-3*01	0.000676	0.23569603255764426
CASSVGELTEAFF	TRBV2*01	0.000675	0.3453242900796339
CASSLSLAGGGYNEQFF	TRBV7-2*01	0.000675	0.2883202645509885
CASSAGGGTGELFF	TRBV5-1*01	0.000674	0.11128293514568181
CSARRDTSTDTQYF	TRBV20-1*01	0.000673	0.9334186618724294
CASSHPQTPGGYTF	TRBV28*01	0.000672	0.9086315356210407
CATSDLPGGTNTGELFF	TRBV24-1*01	0.000668	0.5200972590336338
CASSSSRGDAFF	TRBV5-1*01	0.000665	0.5779243747474376
CASSRGGGYTF	TRBV5-1*01	0.000664	0.09415370357824503
CASSEGRAYEQYF	TRBV2*01	0.000663	0.28578789130772253
CASSVVTVSTDTQYF	TRBV9*01	0.000662	0.5645465502989794
CASSITAVGSPPLHF	TRBV27*01	0.000662	0.9309542717223691
CASSTGAGVQPQHF	TRBV5-1*01	0.00066	0.25445629415040183
CSPRAGYGNEQFF	TRBV20-1*01	0.00066	0.9125360769488597
CASRGDRGQGTGELFF	TRBV2*02	0.000657	0.29171352867033806
CASSYPGLAGGPISTDTQYF	TRBV28*01	0.000657	0.7324495886666726
CASSAGGRVREQYF	TRBV6-1*01	0.000656	0.6898752160898387
CASSGGMKTQYF	TRBV5-1*01	0.000655	0.798271064815953
CASSFSVLSTGNTIYF	TRBV28*01	0.000653	0.5329441628961215
CASTPRDRAVQTSNQPQHF	TRBV28*01	0.000653	0.7763817741549033
CASSLRDNTEAFF	TRBV6-6*04	0.000652	0.24117806028425084
CASSPLAGGEQYF	TRBV7-6*02	0.000651	0.26089361583727444
CASSVASQGLNLGQFF	TRBV9*01	0.00065	0.9468943259798418
CASSPGTTSYNEQFF	TRBV5-1*01	0.00065	0.24417379580786788
CASRDDRGQQFF	TRBV2*01	0.000649	0.6813921129408155
CATSAPGTGTGETQYF	TRBV24-1*01	0.000647	0.5151107140546628
CASSIGTGYGYTF	TRBV19*01	0.000646	0.17456107366484258
CASTRVAGNNEQFF	TRBV19*01	0.000645	0.6907361884309808
CASRRVGGTGSYEQYF	TRBV7-2*01	0.000644	0.18344986523735088
CASSRQNYEQYF	TRBV7-9*01	0.000643	0.2483376681122519
CASTLTSGANNEQFF	TRBV2*01	0.00064	0.489142132120245
CASSFADTQYF	TRBV10-2*01	0.00064	0.2610299052345794
CASSVVAGSSYNEQFF	TRBV9*01	0.000639	0.38882809384952804
CAISSDRGNGNEQFF	TRBV10-3*01	0.000639	0.5243084975826839
CASTLGGVNYGYIF	TRBV12-3*01	0.000639	0.3707022947755223
CASSGRSYNEQFF	TRBV30*01	0.000637	0.15909405796782103
CSARVDYGYTF	TRBV20-1*01	0.000634	0.7593625781986068
CASSEGVPSYEQYF	TRBV6-1*01	0.000634	0.30248826063075157
CASSQEGWDPGDTQYF	TRBV3-1*01	0.000633	0.840519680010787
CASNARLGADTEAFF	TRBV2*01	0.000633	0.7030894264457921
CASSGTGGWETQYF	TRBV2*01	0.000633	0.559245692465718
CASSPTVYTGELFF	TRBV5-1*01	0.000631	0.47648550104506465
CASSAQRTAYIEAFF	TRBV6-1*01	0.000631	0.8653326831715799
CASSWGSTGSDQPQHF	TRBV12-3*01	0.000631	0.3504564671563845
CAWSVEIPNYGYTF	TRBV30*01	0.00063	0.8623549809810407
CASSLTLGTGLDEQFF	TRBV28*01	0.000629	0.6828824748576582
CASSLVGTGSTHSYEQYF	TRBV11-2*01	0.000628	0.43237269838326825
CASSDRGRWAAAQHF	TRBV6-1*01	0.000624	0.9268975639223925
CASSVGNTIYF	TRBV12-3*01	0.000622	0.13443978046238622
CASSLEVSGEQFF	TRBV11-2*01	0.000622	0.3702037130183118
CASSVNSFNSPLHF	TRBV9*01	0.000619	0.6712943374665861
CASSLGGEQYF	TRBV12-3*01	0.000618	0.14660355914079848
CASSDRANSGANVLTF	TRBV19*01	0.000618	0.35570669907101043
CASSEGPGQPQHF	TRBV5-1*02	0.000617	0.17960470355088967
CSARATSGSNEQYF	TRBV20-1*06	0.000617	0.8988420278455269
CATSSTRASSGGLGELFF	TRBV15*02	0.000617	0.7023698199454322
CASTLTGAYNEQFF	TRBV5-8*01	0.000616	0.2734344609216563
CASSPRTSGSSEQYF	TRBV27*01	0.000616	0.33472600689401033
CASSYSRYMHNEQFF	TRBV6-5*01	0.000615	0.8759421881597717
CASSQTHGDHTEAFF	TRBV11-3*01	0.000615	0.7319599595611406
CASSPGLAEPEQFF	TRBV9*01	0.000615	0.7437848680550612
CASSEVRLNYGYTF	TRBV2*03	0.000613	0.3551171955381446
CASRPGQESFDEQYF	TRBV7-9*01	0.000613	0.8281562173388292
CASSVFTPTSGYFTDTQYF	TRBV28*01	0.000612	0.8920953631691185
CASSLEGAGNTIYF	TRBV5-1*01	0.000612	0.22254116063981824
CASGLTRQGWEEKLFF	TRBV12-5*01	0.000611	0.8293456866346617
CASSTHVLSAGNTIYF	TRBV28*01	0.00061	0.8741340115308067
CASSVGGNQPQHF	TRBV27*01	0.000609	0.1017725085428892
CSATRSYNEQFF	TRBV20-1*01	0.000607	0.6738099520680934
CASSSTPGYYGYTF	TRBV7-9*01	0.000604	0.28411451515742
CASSYETSGRKSTDTQYF	TRBV6-5*01	0.000604	0.820364695985033
CASSPRGETQYF	TRBV6-6*04	0.000604	0.2342508527822255
CASSSIRGTGETQYF	TRBV27*01	0.000604	0.36187286427062965
CASSFPGPSYEQYF	TRBV11-2*01	0.000602	0.5926901334910423
CATSDLGDSEAFF	TRBV24-1*01	0.000602	0.49594835119789993
CASSVSSGRAGELFF	TRBV9*01	0.0006	0.3711413031985619
CSALWQTVFAEAFF	TRBV20-1*01	0.000599	0.9693825888274129
CASRRDRGSLYSGNTIYF	TRBV6-6*04	0.000597	0.5267287813504601
CASSYSRAGEGDYEQYF	TRBV6-5*01	0.000595	0.41388368184851076
CASALDGSYNEQFF	TRBV2*01	0.000592	0.3767884915341668
CASSPINEQFF	TRBV7-8*03	0.000591	0.30821878343388065
CASSSGAASTDTQYF	TRBV12-3*01	0.000589	0.24795603697592278
CSALWTGSTDTQYF	TRBV20-1*01	0.000588	0.9394924884050708
CASSSGIGYEQYF	TRBV28*01	0.000586	0.17594342657996967
CASSSGLAGITDTQYF	TRBV6-2*01	0.000584	0.42268822436925507
CSASVGNQPQHF	TRBV20-1*04	0.000584	0.5017933992129172
CASTTREGVPSYEQYF	TRBV7-9*05	0.000584	0.7649947318701809
CASSQKGATEAFF	TRBV4-1*01	0.000583	0.22237875900042894
CASSQGGGEQYF	TRBV7-9*03	0.000583	0.17606358150294915
CSANWGGLGYGYTF	TRBV20-1*01	0.000583	0.713343011789629
CSALKLAGGPNEQFF	TRBV20-1*01	0.000581	0.9764586608523022
CSARSRGTSGSRADTQYF	TRBV20-1*05	0.000579	0.9218164132483624
CASSYSAGNQPQHF	TRBV6-5*01	0.000578	0.10821817260418098
CASSVGSLAADTQYF	TRBV9*01	0.000577	0.5276793611245767
CASSLEGGGRRTEAFF	TRBV7-8*01	0.000576	0.4675809991794581
CASSRDHSTDTQYF	TRBV5-1*01	0.000575	0.6780820834543221
CASSRPPGQGTYEQYF	TRBV6-6*05	0.000575	0.5050454811227874
CASRVPPPRDRGDNEQFF	TRBV28*01	0.000573	0.9861403279152691
CASSLGRAGETQYF	TRBV5-1*01	0.000572	0.3354116948090357
CASSFTSGYQETQYF	TRBV7-8*01	0.000571	0.4927700023515301
CATSDSASPGRKADTQYF	TRBV24-1*01	0.000571	0.8860017348991508
CASSQATSGGADTQYF	TRBV14*01	0.00057	0.3686822308677464
CASSLDSGRNQPQHF	TRBV11-2*01	0.000569	0.19175901555671165
CASSMGTDYEQYF	TRBV6-6*05	0.000566	0.18248029149094683
CASSLDWDRSHNEQFF	TRBV27*01	0.000566	0.7767236355794812
CSAPLAGLSPLHF	TRBV20-1*01	0.000565	0.9715504870747601
CASSRHIAGLNTGELFF	TRBV7-2*01	0.000565	0.7238105936696217
CASSLSVLTDNEQFF	TRBV7-9*01	0.000565	0.44958603559523963
CAISVDRNYGYTF	TRBV10-3*02	0.000564	0.3584558244051939
CASSEVVTSGTYEQFF	TRBV6-1*01	0.000562	0.5589208833301954
CASLGGGRFQETQYF	TRBV28*01	0.000557	0.7715725763741529
CASSLLSGANSPLHF	TRBV11-2*01	0.000557	0.41697828266122683
CSAPSTAGEATQYF	TRBV20-1*01	0.000556	0.9505588667061918
CASSAPRTSGTEAFF	TRBV11-2*01	0.000555	0.36622408330593137
CASTPRGGAYNSPLHF	TRBV2*01	0.000555	0.54067306058053
CASSFSGSEDTQYF	TRBV7-9*01	0.000554	0.41209497392524114
CASAFDRADYEQYF	TRBV12-5*01	0.000551	0.5200978801519803
CAISDGGIYGYTF	TRBV10-3*01	0.00055	0.568013578803042
CASRQGQLSYEQYF	TRBV6-1*01	0.00055	0.4864131811986193
CSADLANQETQYF	TRBV20-1*05	0.00055	0.9227288871863742
CASSTGPYEQYF	TRBV28*01	0.000549	0.15206055214875286
CASSIGTVGYTF	TRBV19*01	0.000547	0.4491093136509607
CASSSRAGNSPLHF	TRBV9*01	0.000547	0.2171424719956052
CSRGTGNQPQHF	TRBV20-1*01	0.000547	0.3009520410451883
CSARKGGNTGELFF	TRBV20-1*01	0.000546	0.890567589270257
CASSPNGGSGGYTF	TRBV9*01	0.000544	0.3063864257358177
CSASDQGQRATTEAFF	TRBV20-1*01	0.000543	0.8950214535445997
CVSSLTPLTEQFF	TRBV7-3*01	0.000543	0.6799072790887281
CASSVGQGAYEQYF	TRBV9*01	0.000539	0.19931102272669515
CASSNQGGTEAFF	TRBV7-2*01	0.000539	0.10862305962574914
CSALGIMNTEAFF	TRBV20-1*01	0.000539	0.753276479028898
CASSLPLGREQYF	TRBV7-9*01	0.000539	0.731806247671204
CASSPQGVGMNTEAFF	TRBV2*01	0.000538	0.42687302319624226
CASSHHPQGTDTEAFF	TRBV6-6*05	0.000537	0.8178861950928765
CASIPGLAGESSYEQYF	TRBV2*01	0.000537	0.4970271118143078
CSLGAGDQPQHF	TRBV20-1*01	0.000537	0.5802373360238763
CASSAGTSGTGETQYF	TRBV10-1*01	0.000537	0.2087550003364567
CASTPRLTPYNEQFF	TRBV27*01	0.000536	0.8926425636229275
CATSRDPLREQYF	TRBV15*01	0.000535	0.9179777492133113
CASSGGGANVLTF	TRBV5-1*01	0.000534	0.16004700227163224
CASSLDARGATNEKLFF	TRBV7-8*01	0.000533	0.4698296812622468
CASSLEVGLAAYEQYF	TRBV7-8*01	0.000533	0.42447416165853513
CASSLLEGGNTEAFF	TRBV12-4*02	0.000531	0.20024616087919953
CASSPPGGSYEQYF	TRBV7-9*01	0.000531	0.23583588345648937
CASSPQEVGRGAAEAFF	TRBV2*02	0.000529	0.9016285241817024
CASGLPRGTGGGYEQYF	TRBV12-5*01	0.000529	0.5570462441508098
CSAAEPSGNTIYF	TRBV20-1*01	0.000527	0.7779663002486837
CAISESWGGTDTQYF	TRBV10-3*01	0.000527	0.6823064634602256
CASSLETGPFAEQFF	TRBV11-2*01	0.000526	0.7580584076542104
CASSWDRVGYEQYF	TRBV5-1*01	0.000526	0.42760328014332266
CASSFGQGYNQPQHF	TRBV28*01	0.000526	0.2541343683455564
CATSRKTSGTGELFF	TRBV15*02	0.000525	0.6474815379049044
CASSYSGSPQETQYF	TRBV10-2*01	0.000521	0.5722040497718981
CASSSGQGASEKLFF	TRBV5-1*01	0.00052	0.19789260663897562
CAIKRNGANTGELFF	TRBV10-3*01	0.00052	0.891770322327626
CATQIGETQYF	TRBV10-2*01	0.000519	0.7738483914640062
CASGLYRHEQYF	TRBV12-5*01	0.000518	0.7019481838322937
CATSRGPGTGAYEQYF	TRBV15*02	0.000517	0.2957046609787428
CASKDSRNSGNTIYF	TRBV19*01	0.000516	0.36690094953559255
CASSLRTSGASSYEQYF	TRBV7-2*01	0.000513	0.23996772412408443
CASKGARGAGPDTQYF	TRBV2*01	0.000512	0.7597850283049433
CSASRVGAGEGSEQYF	TRBV20-1*02	0.00051	0.8975112850044199
CSAIAVTSSYNEQFF	TRBV20-1*01	0.00051	0.9205498243209495
CASSSLRREGSTDTQYF	TRBV6-5*01	0.000509	0.457554093274166
CASSKGGLGAGLGTEAFF	TRBV5-1*01	0.000509	0.6554616822572285
CATRGTSGSYEQYF	TRBV15*02	0.000508	0.3583618957879316
CASSLTLHQETQYF	TRBV7-3*01	0.000506	0.5758017488939289
CASSLQGIYGYTF	TRBV12-3*01	0.000504	0.20613535315100814
CASSLALQGAVTEAFF	TRBV5-1*01	0.000503	0.42828211410359196
CASSSLAGDYNEQFF	TRBV19*01	0.000503	0.13110689804223266
CASSLLDRVGEQYF	TRBV27*01	0.000502	0.5997964181123447
CASSLRGLGNEQFF	TRBV6-6*01	0.000502	0.5191023163767281
CASSLVPGFSYEQYF	TRBV7-9*01	0.000501	0.43463964484951967
CASSSTSGSTDTQYF	TRBV19*01	0.000498	0.17926929673361425
CSALPGLQETQYF	TRBV20-1*01	0.000497	0.9254288251963392
CASSLVAGVTNEKLFF	TRBV5-1*01	0.000497	0.3207914951194562
CASSKTGTGDYNEQFF	TRBV7-2*01	0.000497	0.4007340719686863
CASSSKGEANTGELFF	TRBV7-9*01	0.000496	0.49146846420429874
CASSVGDARYNEQFF	TRBV7-3*01	0.000493	0.6003622122861343
CASSPLQASGSDTQYF	TRBV3-1*01	0.000493	0.5771992013825545
CASSAGRGVYNEQFF	TRBV9*03	0.000492	0.3135284926505237
CASSISGSYTGELFF	TRBV19*01	0.000492	0.391866598930237
CAWGPMGGEQYF	TRBV30*05	0.00049	0.9160549211722464
CASSLSLTLRQETQYF	TRBV7-9*01	0.00049	0.8784040146167879
CATSDPDRGVANEQFF	TRBV24-1*01	0.00049	0.8112032128049589
CASSPTGLGNEQYF	TRBV9*03	0.00049	0.6429348706229527
CASSLAISEQYF	TRBV5-5*01	0.000489	0.4427857106627249
CATSRDPGDRGGNQPQHF	TRBV15*01	0.000489	0.6249932130330902
CASSPGQGSGEQYF	TRBV9*01	0.000489	0.29286914813630094
CASSFASGLGQPQHF	TRBV28*01	0.000489	0.27343570428500763
CASSVTGWGTDTQYF	TRBV6-6*05	0.000486	0.6123108163640013
CATVYRQGATNQPQHF	TRBV19*03	0.000486	0.6239811891776373
CASAGGPKETQYF	TRBV11-3*02	0.000486	0.7062814497178209
CAWSVRHEAPLHF	TRBV30*01	0.000484	0.891716211089262
CASSATSDSSYNEQFF	TRBV9*03	0.000483	0.24722807468439936
CASSPGLAGGSGANVLTF	TRBV7-3*01	0.000483	0.186088057742088
CSASGDSGANVLTF	TRBV20-1*04	0.000482	0.4615286331652038
CASSSKTRTDTQYF	TRBV7-9*03	0.000482	0.640797679335207
CASREETGVAEAFF	TRBV19*01	0.00048	0.7577166015502956
CSYDSYGYTF	TRBV20-1*01	0.000479	0.4339204259027235
CASSPSFTDTQYF	TRBV11-3*01	0.000476	0.4188041211281296
CASSYRFSTDTQYF	TRBV6-5*01	0.000475	0.6647430753666068
CSATGGAYEQYF	TRBV20-1*01	0.000475	0.6868595320357537
CASSQTPSHPPGKLFF	TRBV4-1*01	0.000473	0.971419053810621
CASRPGGLGGYTEAFF	TRBV12-3*01	0.000473	0.5686148324669118
CASSFPLVRRGYEQYF	TRBV27*01	0.000473	0.9602232481432748
CASRSQANYGYTF	TRBV19*01	0.000472	0.22783446357036843
CASSPGGGVGKPQHF	TRBV27*01	0.000472	0.44620822082071954
CASSGQISNQPQHF	TRBV2*01	0.000471	0.2652910874508599
CASSTRTSGRFNEQFF	TRBV28*01	0.000471	0.6743012004137222
CSAPGLAGGPRNTQYF	TRBV20-1*01	0.000471	0.9107267679405486
CASSLPTGGANYGYTF	TRBV28*01	0.000469	0.2530274871427749
CASSHKALLHSTDTQYF	TRBV7-2*01	0.000466	0.8580101594582871
CASSWGGSADTQYF	TRBV7-2*01	0.000465	0.5319279073964387
CATRDRGNEQFF	TRBV10-3*01	0.000464	0.560320547555985
CATSVVGILQFF	TRBV15*02	0.000464	0.79667103894396
CASSTGYEQYF	TRBV28*01	0.000464	0.09365258141671477
CASSLVGSTENSPLHF	TRBV5-1*01	0.000463	0.461387657758367
CASSTTGSNQPQHF	TRBV28*01	0.000463	0.1077807210140976
CASTGQANTEAFF	TRBV2*01	0.000463	0.21936965556753926
CASMEDSRNYGYTF	TRBV2*01	0.000462	0.31892122013933555
CASSVGVTDTQYF	TRBV9*01	0.000462	0.23808600830177581
CASSGTLLYGYTF	TRBV2*01	0.000461	0.47158884290580977
CASSPWGGQGEAFF	TRBV6-6*05	0.000461	0.610832116770284
CASSGLAGQSYSNQPQHF	TRBV6-2*01	0.00046	0.3461174622680852
CSAFGPPLNTEAFF	TRBV20-1*01	0.000457	0.9718238260321922
CASSWTSGSTGELFF	TRBV5-1*01	0.000456	0.36259340072425805
CASSVDPALTGNQPQHF	TRBV9*01	0.000455	0.6679874375692322
CASNPNYEQYF	TRBV19*01	0.000455	0.3287519338339799
CAWSVYNEQFF	TRBV30*01	0.000454	0.52757300566545
CAISESGRVNTEAFF	TRBV10-3*01	0.000453	0.4979305832533336
CASSLSSGNTGELFF	TRBV12-3*01	0.000453	0.10721282521097818
CASSTGQRNTEAFF	TRBV19*03	0.000452	0.16140583413086615
CASTHNTYEQYF	TRBV10-2*01	0.000451	0.5027233763429607
CASSYYDREGETQYF	TRBV12-3*01	0.00045	0.7955760640684871
CASSSLTGYDTIYF	TRBV7-8*01	0.000449	0.7257309009685878
CASSFLDSNQPQHF	TRBV28*01	0.000449	0.328171481909074
CASSFMGQILAPLHF	TRBV7-2*01	0.000448	0.9041129804624641
CASSLYLASGELFF	TRBV7-2*01	0.000447	0.6481607401543095
CAETSGSGTGELFF	TRBV30*01	0.000447	0.23072161887483655
CASSTTGSQETQYF	TRBV5-1*01	0.000447	0.3233878743148203
CASTLAGRSYEQYF	TRBV6-2*01	0.000447	0.33105112335930675
CASSVGDHTYNEQFF	TRBV9*01	0.000446	0.6761967429075944
CSVQPRQGLAKNIQYF	TRBV20-1*01	0.000446	0.9712796564657158
CAISEQQGGGDEQYF	TRBV10-3*01	0.000446	0.6638369089987234
CASSLVSGANEKLFF	TRBV7-2*01	0.000445	0.2712500824246322
CASSGGQDRTEAFF	TRBV5-1*01	0.000444	0.3150147582341032
CASSLGQGDLYGYTF	TRBV5-8*01	0.000444	0.38931513041512417
CASSPDRVLAGPYNEQFF	TRBV7-9*01	0.000443	0.7803055044740781
CATSDFGPSTTQYF	TRBV24-1*01	0.000442	0.8505612855615678
CASSQEPYEQYF	TRBV4-1*01	0.000442	0.21434522333901426
CASSLTGTENEKLFF	TRBV5-1*01	0.000441	0.27879837053935946
CATSRSGRAYNEQFF	TRBV24-1*01	0.00044	0.39449632138245005
CASSSGISGNTIYF	TRBV7-2*01	0.000439	0.24933405986998636
CASSFGNTEAFF	TRBV12-3*01	0.000438	0.096682886277823
CASSQDRAAGNTIYF	TRBV4-1*01	0.000437	0.32322736135829905
CASSPLRGTQYF	TRBV19*01	0.000437	0.5855692738142498
CASSLGDTQYF	TRBV7-9*01	0.000436	0.15085095005336172
CSATVSYNEQFF	TRBV20-1*01	0.000435	0.7871721546382844
CASSLEAAWGLHYGYTF	TRBV7-9*01	0.000435	0.7174622555175225
CASSRDRYNSPLHF	TRBV5-6*01	0.000434	0.5505934465917487
CASGGPGTPNEKLFF	TRBV2*01	0.000434	0.7735345285589204
CASSLVAGSSYEQYF	TRBV5-1*01	0.000434	0.23410351021439096
CASSREGGGTGELFF	TRBV7-3*01	0.000433	0.14886208849227325
CASSLGASGSDEQFF	TRBV5-8*01	0.000433	0.4115461898416338
CAISGPDSIHLF	TRBV10-3*01	0.000432	0.7770222702459413
CASSTRQVLYGYTF	TRBV5-6*01	0.000432	0.5199503051540402
CASSSKRLAGVRETQYF	TRBV7-9*01	0.000432	0.9120416782635801
CSARLLAGVYEQYF	TRBV20-1*04	0.000426	0.903147591272163
CASISNSYEQYF	TRBV5-5*01	0.000425	0.42167407426611325
CASTREAGTQFF	TRBV7-9*06	0.000424	0.5820673933073872
CASSDLPTGGAGYTF	TRBV2*01	0.000423	0.5115067531345877
CASTRTGGNQPQHF	TRBV2*01	0.000421	0.11639998774153934
CATSDSRGVGETQYF	TRBV24-1*01	0.000421	0.5033196319132116
CASSLTSWETQYF	TRBV7-3*01	0.000421	0.6817703066633787
CASSLSLLNTGELFF	TRBV7-9*03	0.00042	0.3573261966175546
CASCRYQETQYF	TRBV6-6*05	0.00042	0.927019487955187
CASRGVAGAGTQYF	TRBV2*01	0.00042	0.5979205565752981
CSARDGGPAGGTETQYF	TRBV20-1*01	0.000419	0.9570176043578219
CASSPYQETQYF	TRBV28*01	0.000418	0.4210121093568834
CASGDSYSNQPQHF	TRBV2*01	0.000418	0.32260595434119854
CASTFSLSGTSDTQYF	TRBV12-3*01	0.000417	0.7319510017794855
CASSAGPYEQYF	TRBV19*01	0.000415	0.131324835246726
CSARDGRVATDTQYF	TRBV20-1*01	0.000413	0.9679613415973957
CASSPLAASTDTQYF	TRBV12-3*01	0.000412	0.3300899327401255
CASIGGTNEKLFF	TRBV28*01	0.000412	0.3707021140144806
CATSVGGTIINEQFF	TRBV24-1*01	0.000411	0.9379393035381043
CASSLYEGDTQYF	TRBV5-1*01	0.000411	0.3478438165669343
CASSELENTEAFF	TRBV2*03	0.00041	0.11058223159167775
CASSLISGRAGELFF	TRBV28*01	0.000409	0.7059136337938511
CASSPNRVLAGPYNEQFF	TRBV7-9*01	0.000408	0.7745447502644182
CASSEGRAYEQYF	TRBV2*01	0.000408	0.28578789130772253
CASSPQGIGQPQHF	TRBV28*01	0.000406	0.23592595450644982
CASSLLAASGRNEQFF	TRBV5-1*01	0.000406	0.5102887417367441
CASSKRDLYEQYF	TRBV19*03	0.000406	0.6137983153417725
CARTGTSGSFEQYF	TRBV19*01	0.000404	0.46189695571980866
CASRAGGGEPGELFF	TRBV4-1*01	0.000403	0.7309426855329972
CASSSALAGSEQFF	TRBV11-3*01	0.000403	0.34594706622296706
CASSMRGLSYEQYF	TRBV19*01	0.000399	0.3300649827042058
CASSLLTSAAYNEQFF	TRBV27*01	0.000398	0.4433549316103512
CASSRSSQETQYF	TRBV5-1*01	0.000398	0.34768203916370255
CASSLVEASDNTQYF	TRBV7-9*01	0.000396	0.46354352558283585
CASSQDPTSGLGTQYF	TRBV3-1*01	0.000396	0.8388470096748607
CASSLRGIQGNQPQHF	TRBV6-6*04	0.000395	0.16357105211076922
CASSFSGSGSNEQFF	TRBV7-2*01	0.000393	0.29767042787392495
CASSPRDRGRNYGYTF	TRBV14*01	0.000393	0.36118450998313484
CASSSLVLSSGNTIYF	TRBV28*01	0.000392	0.5455326736137122
CATQREVNTEAFF	TRBV15*02	0.000389	0.5146209401980145
CASSGGQGAGETQYF	TRBV9*01	0.000388	0.2694740422154646
CASSAQGAGANVLTF	TRBV19*01	0.000388	0.10241231111794584
CSVEEGGTGETYEQYF	TRBV29-1*01	0.000388	0.7007091421973162
CASSYGTGSSTNEKLFF	TRBV6-5*01	0.000388	0.5254722513974022
CASSYSGQINEKLFF	TRBV6-5*01	0.000384	0.4863467117736443
CASSSSVRQYF	TRBV12-3*01	0.000383	0.7955660598964477
CASSQDPVLTGAKLFF	TRBV14*01	0.000383	0.8342080139940943
CSARDGGGGTEAFF	TRBV20-1*01	0.000382	0.6769548653652337
CSARDPGAGETQYF	TRBV20-1*01	0.000382	0.8843764369340656
CASSKKDGRGLGNTIYF	TRBV7-2*01	0.000382	0.5311068358897307
CASRGQITDTQYF	TRBV3-1*01	0.000381	0.5613032904902113
CASSIAKIQGYSGANVLTF	TRBV19*01	0.00038	0.8188243848766368
CASSSTTGFGDQPQHF	TRBV28*01	0.00038	0.5695582359719646
CATSMGERAAQNTEAFF	TRBV15*02	0.000378	0.6787266424115146
CASSQRGYQETQYF	TRBV10-2*01	0.000375	0.47289935677074835
CASSFREGVYNEQFF	TRBV7-9*01	0.000374	0.44023092893473814
CAISPSGVGTDTQYF	TRBV10-3*01	0.000371	0.5645593861373513
CASSLTGGGTEAFF	TRBV7-9*01	0.00037	0.09540801037495146
CASTRAPIQGYSNQPQHF	TRBV19*01	0.000368	0.7009947024612918
CATLNTGELFF	TRBV10-3*01	0.000367	0.23239819555617763
CASSYGTTNEKLFF	TRBV6-5*01	0.000366	0.4196152321763486
CASSWGGPGYEQFF	TRBV7-9*01	0.000366	0.5115847005019304
CASSLRAQETQYF	TRBV5-1*01	0.000366	0.39905723117976755
CASSENLGGRETQYF	TRBV10-1*01	0.000362	0.7661249657072547
CASSPQGPPEKLFF	TRBV6-6*05	0.000361	0.46231237304180695
CSAAWGGKNEQYF	TRBV20-1*01	0.000357	0.8312413325468446
CASSLGGSQVEQFF	TRBV7-9*01	0.000357	0.5817809309304794
CASSIGYRLAGVDEQFF	TRBV19*01	0.000356	0.7946404625064454
CASSLGGRTLNTEAFF	TRBV7-9*01	0.000356	0.43775298548503405
CSALRQGGQPQHF	TRBV20-1*01	0.000354	0.8701837664429026
CASSLGLSTYNEQFF	TRBV5-1*01	0.000354	0.34698491721273994
CASSLGPGLSNQPQHF	TRBV28*01	0.000354	0.32683850139093057
CASSLGRGTSNSPLHF	TRBV7-8*01	0.000352	0.4040238852875886
CATRRTDYSNQPQHF	TRBV2*01	0.000351	0.47906129495390215
CASSFNGASNQPQHF	TRBV28*01	0.00035	0.33918624441399936
CATSDQENNYGYTF	TRBV24-1*01	0.00035	0.398545994184909
CASTPGSGRDQPQHF	TRBV19*01	0.000349	0.3300056626627824
CASSFPGQGTRNSNQPQHF	TRBV11-2*01	0.000349	0.7855766745466611
CASSLNRNPTSGPYNEQFF	TRBV7-3*01	0.000343	0.7965428272722112
CASSLRGTAGEKLFF	TRBV12-3*01	0.000343	0.5644727352231356
CASSFAHLRETQYF	TRBV12-3*01	0.000342	0.8910203234559788
CASSLDPGSLVTIYF	TRBV11-2*01	0.000342	0.9132696502101952
CASSSREGLEAFF	TRBV19*01	0.000342	0.5090161138235284
CASRTEGQNEKLFF	TRBV6-6*03	0.000342	0.4862780540104399
CASSADRNQPQHF	TRBV11-2*01	0.000341	0.1179592041818999
CSALGTGVRQPQHF	TRBV20-1*01	0.00034	0.8864774768599518
CAISESSGTALFGTF	TRBV10-3*01	0.000339	0.9136615350596541
CASSSQTSGSQEQFF	TRBV9*01	0.000338	0.4189849622510964
CASSYLTGLLF	TRBV6-6*01	0.000338	0.25760880842532274
CASSLHGNYGYTF	TRBV28*01	0.000338	0.23279573862775832
CATSRGGALQETQYF	TRBV15*02	0.000337	0.5117913671947719
CATQYRGNQPQHF	TRBV28*01	0.000336	0.4353774543001104
CASSYSAIMNTEAFF	TRBV5-1*01	0.000334	0.386413758432047
CASSGFSGNTIYF	TRBV19*01	0.000334	0.31386321111024074
CASSFVGNTGELFF	TRBV27*01	0.000334	0.24831292434715782
CASTRTVFNQPQHF	TRBV6-1*01	0.000333	0.7646937689715236
CASSLGQGSNEKLFF	TRBV28*01	0.000333	0.15669899444487917
CASSQVGQLYTF	TRBV4-2*01	0.000332	0.7024604844227613
CSARDLTRSPHEQFF	TRBV20-1*01	0.000331	0.9934731949842671
CASSQLTGYGYTF	TRBV4-1*01	0.00033	0.14802858470867497
CASTLGGGRTEAFF	TRBV28*01	0.00033	0.2007831782254889
CASSYGGATGGEEKLFF	TRBV6-5*01	0.00033	0.46869008070282114
CATRPGLGKETQYF	TRBV2*01	0.000329	0.9053339868233665
CASSRTGALNEQFF	TRBV27*01	0.000327	0.6275335282274672
CASSSDGNTEAFF	TRBV5-8*01	0.000327	0.13914979983071457
CASSRAGGLGDTQYF	TRBV19*01	0.000327	0.4292783087719157
CASSRGLATRNEQFF	TRBV27*01	0.000327	0.8024546890824568
CSATRPDRVDQPQHF	TRBV20-1*01	0.000327	0.9483863453800349
CASSQMTGETQYF	TRBV4-1*01	0.000325	0.5889567779039232
CASSPGVLAGGIDTQYF	TRBV11-3*01	0.000322	0.4863404058395768
CASSDRVSTNEKLFF	TRBV6-1*01	0.000322	0.31772790516477983
CASSFAGGGSNEQFF	TRBV7-9*01	0.000322	0.27954339725695915
CASSPLSGELFF	TRBV7-9*01	0.000322	0.3832715307017711
CASSLDGLAGVVNEQFF	TRBV5-1*01	0.000317	0.7163649310802842
CSVSRRLDSTGELFF	TRBV20-1*01	0.000317	0.8974675246254037
CASTSVAARGTEAFF	TRBV2*02	0.000317	0.8575688699474507
CSASLQHGATGELFF	TRBV20-1*02	0.000314	0.9663673438763575
CAWSVDGGVWQPQHF	TRBV30*01	0.000313	0.9296426492254413
CASSRQGLTEAFF	TRBV28*01	0.000312	0.16062097064080771
CASSQNPERDIETQYF	TRBV4-1*01	0.000311	0.7144039171823228
CASSLVGLLETQYF	TRBV7-2*01	0.000311	0.5308855097039245
CASSGQYSNQPQHF	TRBV28*01	0.00031	0.22912782539160162
CAISDGYTSTDTQYF	TRBV10-3*01	0.000309	0.8965405473715096
CASSDLTSRGNIQYF	TRBV6-6*05	0.000309	0.8560142426311566
CASSLDPSGANVLTF	TRBV5-5*01	0.000309	0.35278371778097006
CASRAGGLTDTQYF	TRBV2*01	0.000305	0.3082511158163535
CASSDVAGERKTQYF	TRBV10-2*01	0.000305	0.7905981376526475
CASSPLRGTGNEQYF	TRBV18*01	0.000303	0.5195639113644915
CASSVDTGSQDTQYF	TRBV9*01	0.000303	0.21705107237948712
CASSQDQTIRDEQYF	TRBV4-2*01	0.000303	0.9402127434203827
CASSSRAVPSPLHF	TRBV5-5*01	0.000303	0.8530774184205832
CASSLSEIHFF	TRBV7-9*01	0.000302	0.33323373436810766
CASSQDSLAGVPGELFF	TRBV3-1*01	0.000302	0.7280259288596599
CSAKGQGAYTQPQHF	TRBV20-1*01	0.0003	0.970597873527578
CASSFGGATNEKLFF	TRBV27*01	0.000299	0.31637468082266335
CASSERELPGELFF	TRBV14*02	0.000298	0.8488796403703854
CAWSRQGSFSEKLFF	TRBV30*01	0.000297	0.7475491441687694
CASSMSRYNYEQYF	TRBV19*01	0.000297	0.6803454426966191
CASSLSGLAYEQYF	TRBV7-9*01	0.000296	0.20601240292560194
CASSLSTYEQYF	TRBV13*01	0.000295	0.15952404494816366
CASSQDDWGSGYGYTF	TRBV14*01	0.000294	0.5344591551149415
CAWGRGAGANVLTF	TRBV30*05	0.000294	0.5145980566667672
CASSRVGTEAFF	TRBV7-8*03	0.000294	0.10388724472949311
CSAYAGVYYYEQYF	TRBV20-1*01	0.000293	0.9560559144905948
CAIREFYEQFF	TRBV30*01	0.000293	0.7713633710734626
CASSPTGRNTGELFF	TRBV7-9*01	0.000293	0.2787894180593703
CASRMDRSSGNTIYF	TRBV19*01	0.000292	0.430747979332688
CASSRPAATGLFF	TRBV28*01	0.000291	0.8844378589194717
CATSDSTGDVETQYF	TRBV24-1*01	0.000291	0.5420492514223181
CARGTANTEAFF	TRBV2*02	0.000291	0.2591156351717474
CASSRSVAGAEQFF	TRBV7-6*01	0.00029	0.5063560980696534
CASSYIAGAETQYF	TRBV6-5*01	0.000288	0.47993039381316316
CASSLWWTGEGQETQYF	TRBV28*01	0.000287	0.8046267113398398
CASSETGLTTEAFF	TRBV2*01	0.000283	0.2461612113516143
CASSPGTAYEQYF	TRBV5-6*01	0.000282	0.29857294990827976
CASSFRYRGLGGYTF	TRBV5-6*01	0.000281	0.7990197353932091
CAIRPSSGQETQYF	TRBV10-3*01	0.000279	0.5109491350476775
CASTTTWGPTNQPQHF	TRBV19*01	0.000279	0.7711126686115516
CASSSGLAGGQETQYF	TRBV7-7*01	0.000278	0.2471384113865037
CATSSGPNQPQHF	TRBV24-1*01	0.000276	0.14293361662493898
CASRLGGGAEAFF	TRBV19*01	0.000276	0.32373958590429264
CSARGHSGEKLFF	TRBV20-1*01	0.000275	0.9187846805339617
CASRQESTDTQYF	TRBV5-1*01	0.000274	0.43605768154319174
CSAGDTTQETQYF	TRBV20-1*01	0.000274	0.9555392031742862
CASSPRDRAYEQYF	TRBV4-1*01	0.000272	0.32896411673393
CASSPRIADSTDTQYF	TRBV7-9*01	0.00027	0.7143021779297717
CSARTVEAFF	TRBV20-1*01	0.000269	0.8965668387430554
CASSFNTRRTEAFF	TRBV27*01	0.000269	0.6535263630873003
CASRDGTGLAYNEQFF	TRBV7-9*01	0.000268	0.5380169294346726
CASRPGLLSTDTQYF	TRBV11-2*01	0.000266	0.7491721448836982
CANYSDQPQHF	TRBV19*01	0.000266	0.45906441997524594
CASSFGGRNEKLFF	TRBV5-6*01	0.000265	0.2323484163670838
CASSADRVAGTYEQYF	TRBV9*03	0.000264	0.4348070401821437
CASSLSGGGFYGYTF	TRBV13*01	0.000263	0.24080724127682238
CASSPPGRNNSPLHF	TRBV3-1*01	0.000263	0.6117288362142367
CASSLTPLTEAFF	TRBV7-3*01	0.000262	0.6254119940452443
CASSQGDRSHEQYF	TRBV4-2*01	0.000261	0.4817784060725786
CASSLGGGVAKNIQYF	TRBV5-1*01	0.000261	0.7378169719956981
CASSGGTSFNSPLHF	TRBV5-4*01	0.000258	0.7334433167387189
CRATGDTDTEAFF	TRBV20-1*01	0.000258	0.5535296082561741
CASTLRRGGETQYF	TRBV6-2*01	0.000257	0.5516353400769308
CASSLLLLYGYTF	TRBV5-6*01	0.000256	0.35001078726318346
CATSGGTSGYNEQFF	TRBV15*02	0.000256	0.25120657724830664
CASSVGVQKETQYF	TRBV9*01	0.000256	0.6314565885426611
CASSTGGGSNQPQHF	TRBV19*03	0.000254	0.10613942998532504
CASSQVGESIEQFF	TRBV4-1*01	0.000253	0.6768889059624483
CASSRAAGGSLSYNEQFF	TRBV19*01	0.000253	0.6270956339032585
CASSRSSTGLTNEQFF	TRBV12-3*01	0.000253	0.49117863824509705
CASSLKIANTEAFF	TRBV7-2*01	0.000253	0.28913301699657584
CASSQGTGGSQPQHF	TRBV4-2*01	0.000252	0.11689269570255616
CASSLSGTGGISTGANVLTF	TRBV5-1*01	0.000252	0.5735040429533703
CASSQELPGQGSYNEQFF	TRBV14*01	0.000251	0.635753279179873
CASSYSAGTRYTF	TRBV6-5*01	0.000251	0.5383271485038023
CASSLGLAGDRYEQYF	TRBV13*01	0.000251	0.2162902210281741
CASSLDLISGNTIYF	TRBV7-8*01	0.00025	0.5991596216778048
CASSAGSGTGELFF	TRBV5-1*01	0.000249	0.11809337265769446
CSAVAREAFF	TRBV20-1*01	0.000249	0.8771394470289001
CASGEDRDVYNEQFF	TRBV6-1*01	0.000249	0.49219491409556343
CASSQGGVPKETQYF	TRBV4-1*01	0.000246	0.7158223551380181
CASSVGGRSYEQYF	TRBV9*01	0.000246	0.16621445693186718
CASSTPTGSGNTIYF	TRBV9*01	0.000245	0.23189683129501418
CASSGGGDTQYF	TRBV2*01	0.000244	0.172155281605925
CATSRDKSTSVGEFF	TRBV15*01	0.000242	0.9465370276449492
CASSLVLGSGANVLTF	TRBV7-8*01	0.000242	0.4089316329302254
CASSFPGQGHTEAFF	TRBV10-2*01	0.000242	0.6962705546096755
CSASPPSGDFYSYNEQFF	TRBV20-1*02	0.000242	0.9541071645239048
CASSLTSGRAASRETQYF	TRBV5-5*01	0.00024	0.7394132344312703
CASSGGQGRDTQYF	TRBV9*01	0.000239	0.2631917989966794
CASSVGTIPSYEQYF	TRBV9*01	0.000238	0.5724081719915466
CASSLWSSNEQFF	TRBV5-6*01	0.000237	0.46921725871712844
CASSFGQGSEKLFF	TRBV5-6*01	0.000237	0.20371410536819143
CSARGGSWETQYF	TRBV20-1*01	0.000237	0.9587514397041053
CASSENGLAGPHEQFF	TRBV10-2*01	0.000236	0.8173709889849505
CSARDLQGGPAFF	TRBV20-1*01	0.000234	0.9698525813341636
CASSFGQGAEAFF	TRBV5-6*01	0.000233	0.2717288837144951
CASSSRAGRAGTQYF	TRBV11-2*01	0.000233	0.5692574794759533
CASSFGRAYEQYF	TRBV5-6*01	0.000231	0.31791681300371055
CASSLRGGLENTEAFF	TRBV5-1*01	0.000229	0.22875070402963468
CAWSQSTAGRAFF	TRBV30*01	0.000228	0.966583979428401
CASSEARGRLFSGNTIYF	TRBV6-1*01	0.000228	0.8024467332426044
CAISADYNEQFF	TRBV10-3*01	0.000225	0.29990197895628473
CASSLDTTHTQYF	TRBV7-6*01	0.000225	0.6046977594551641
CASSQGDVGTDTQYF	TRBV3-1*01	0.000224	0.26664012676291393
CASSQDGALANYGYTF	TRBV4-1*01	0.000223	0.3607983719168101
CASSRDYSTDTQYF	TRBV5-1*01	0.000222	0.4020357960993503
CASSYATGGNLMNTEAFF	TRBV5-1*01	0.000222	0.8750759498629845
CASSIYANTGELFF	TRBV19*01	0.000222	0.4714304751390005
CASSLYRGAKEKLFF	TRBV5-1*01	0.000221	0.6477067719281736
CSAVTGTGDWEYTEAFF	TRBV20-1*01	0.000221	0.9702711719309319
CASSPTVCTGELFF	TRBV5-1*01	0.00022	0.9482055621970203
CASSVGTLGETQYF	TRBV9*01	0.00022	0.6577424370115422
CASSLRAHEKLFF	TRBV27*01	0.00022	0.30113382154222174
CAWSAGYMNTEAFF	TRBV30*01	0.00022	0.47080313568593063
CSARTSGSTDTQYF	TRBV20-1*04	0.00022	0.8268844855593201
CASCPGPRGEKLFF	TRBV18*01	0.00022	0.8355263640923017
CASSQGDEQYF	TRBV3-1*01	0.000219	0.21346308649941861
CASSDSATGEIQETQYF	TRBV7-9*04	0.000219	0.5565434977726248
CASQTGTGKRTQPQHF	TRBV19*01	0.000219	0.7002021324972404
CASGSGPETQYF	TRBV19*01	0.000218	0.5632449884138746
CAISNRPSGGPSEQFF	TRBV10-3*01	0.000218	0.8593821086993009
CASSFGLAPSTDTQYF	TRBV3-1*01	0.000217	0.7411084620142436
CASSLERGMAEAFF	TRBV5-1*01	0.000216	0.849126845867509
CASSSRQKNIQYF	TRBV6-2*01	0.000216	0.6066360606148395
CASSLGPQGAGYGQYF	TRBV5-5*01	0.000216	0.6469706077865682
CASSLWQGYSNQPQHF	TRBV5-6*01	0.000215	0.3154681869994551
CAWSEGGLNTIYF	TRBV30*01	0.000214	0.5809295572032525
CASSESGLNTQYF	TRBV10-1*01	0.000214	0.27418489611877295
CSARGWEREGTELAKNIQYF	TRBV20-1*01	0.000214	0.9957961934906866
CASSQGRDPSYEQYF	TRBV18*01	0.000214	0.4934486212275373
CASSQDLAGAYEQYF	TRBV4-1*01	0.000212	0.3102683161078126
CSEKGAGTEAFF	TRBV20-1*01	0.000212	0.62793066278903
CASSSHRDRGSINTEAFF	TRBV9*03	0.000211	0.578630603345497
CASSLTGTGRPTIYF	TRBV5-6*01	0.000211	0.7855168893649566
CASSVGVSPGETQYF	TRBV9*01	0.00021	0.7212988509006324
CASSGQVSGGYTF	TRBV5-4*01	0.00021	0.4355545935647542
CASRPGTGNSGANVLTF	TRBV5-1*01	0.00021	0.22403793702256056
CASSLASGSRYTGELFF	TRBV7-9*01	0.00021	0.32713318704045735
CASSQDETDSYNEQFF	TRBV14*01	0.000209	0.41194652555775274
CASSLPGTETQYF	TRBV28*01	0.000209	0.41975920157428276
CASSIGRGSETQYF	TRBV19*01	0.000208	0.4769431676938374
CASSQSGLTRIADTQYF	TRBV3-1*01	0.000207	0.8720308468145016
CASTRGGSGETQYF	TRBV7-6*01	0.000207	0.42587244480623504
CASSQVGAVGWQFF	TRBV3-1*01	0.000207	0.8438036196074203
CASSLGRSYEQYF	TRBV5-6*01	0.000206	0.10291112704566155
CSARAGPATNEKLFF	TRBV20-1*01	0.000205	0.9126899572181622
CASTMAGTPTDTQYF	TRBV7-9*01	0.000205	0.7552698691286315
CASSQVMGEQYF	TRBV3-1*01	0.000205	0.4457041279247613
CASSLLGEGAKNIQYF	TRBV27*01	0.000204	0.6938093428545691
CASSLFRTSGRQTQYF	TRBV7-9*01	0.000204	0.7809183138215349
CASSQTGTGDETQYF	TRBV4-1*01	0.000202	0.3649712145908744
CASSEAGDEQFF	TRBV2*01	0.000202	0.2268341839558093
CASSLSGQPQETQYF	TRBV7-3*01	0.000202	0.5019126999955202
CASSFADLTYNEQFF	TRBV5-1*01	0.000202	0.8316467506608515
CASSVGSLSNEKLFF	TRBV9*01	0.000201	0.5852861925244501
CASSSSRGLNEKLFF	TRBV27*01	0.000201	0.2392241846018667
CASSAEGEYNEQFF	TRBV6-4*01	0.0002	0.2041576795757836
CASSQVTDTQYF	TRBV3-1*01	0.000199	0.34866139191028084
CATKSGPGRGNTEAFF	TRBV24-1*01	0.000199	0.7344774478417944
CSAEDKRSGNTIYF	TRBV20-1*01	0.000198	0.836505116162084
CASSLGGRGSNEQYF	TRBV13*01	0.000198	0.21929511206613228
CASSQDGGTYNEQFF	TRBV4-1*01	0.000197	0.3562443807322643
CARSGGGANVLTF	TRBV5-1*01	0.000197	0.24319729075559224
CASSQDVGVYEQYF	TRBV4-2*01	0.000197	0.3595216096719686
CASSLGTGGGQETQYF	TRBV7-2*01	0.000197	0.24518787439484968
CATSSPSGGKETQYF	TRBV15*02	0.000196	0.5816231714301422
CAISEPTQAGGAPTDTQYF	TRBV10-3*01	0.000196	0.8839642750722327
CASSPGTNNEKLFF	TRBV18*01	0.000195	0.25041874378532797
CASSYSGGNEKLFF	TRBV6-5*01	0.000195	0.2253453968865493
CASSPAGQGDSPLHF	TRBV18*01	0.000195	0.36729812139344536
CASSESDRGRGYGYTF	TRBV10-2*01	0.000195	0.4346898977708986
CSARIPTNEKLFF	TRBV20-1*01	0.000193	0.8744870590848918
CATSPRYQETQYF	TRBV15*02	0.000193	0.7669252754677127
CASSAEANEKLFF	TRBV7-2*04	0.000192	0.19762552288532784
CASSLTGRTAFF	TRBV7-9*01	0.000192	0.7449107601242699
CASSPISTTAFF	TRBV10-2*01	0.000192	0.6581614530834228
CASNQGFSGNTIYF	TRBV12-3*01	0.000192	0.44482174891964427
CASSVADTQYF	TRBV2*01	0.000191	0.22568100629043497
CASRRQGATGELFF	TRBV11-3*01	0.000191	0.40190042189151765
CSASGRGKNIQYF	TRBV20-1*02	0.00019	0.9198034583521812
CASSVGTVNQPQHF	TRBV9*01	0.00019	0.2642942854516472
CASSSRDKYEKLFF	TRBV28*01	0.00019	0.5704634609606485
CSARGSGSNQPQHF	TRBV20-1*01	0.00019	0.7839157790758564
CSAPDGGYSNQPQHF	TRBV20-1*01	0.00019	0.8654637113986737
CSASIGNQETQYF	TRBV20-1*04	0.000189	0.9189474761508789
CASSLLDRAHEQYF	TRBV27*01	0.000189	0.5597054406581485
CASSPGQGANQPQHF	TRBV5-8*01	0.000188	0.13814140165868893
CASSQGQNSNQPQHF	TRBV13*01	0.000187	0.2497232274809331
CASSLAWGDQGQFF	TRBV5-6*01	0.000187	0.9496171375849843
CASSQDPGREQFF	TRBV3-1*01	0.000187	0.6401528257070683
CASSQDLGGNEQYF	TRBV4-1*01	0.000186	0.2652953860014686
CSFLGAYGYTF	TRBV29-1*01	0.000186	0.7376592556930185
CASSNTGGYEQYF	TRBV18*01	0.000186	0.10260068241416105
CASRAGQPGETQYF	TRBV19*01	0.000185	0.4726929960510576
CASTRTGLVAKNIQYF	TRBV6-1*01	0.000185	0.833861558250228
CAWSVVTGGSPLHF	TRBV30*01	0.000184	0.7443409391267235
CSFSGSGTGKLFF	TRBV30*01	0.000184	0.7561661264415682
CAVTRDIFNTEAFF	TRBV10-3*01	0.000184	0.7022888351496405
CAISADYNEQFF	TRBV10-3*01	0.000182	0.29990197895628473
CASSPLGTDITNEKLFF	TRBV6-6*04	0.000182	0.5733654698782135
CASSVDGAGQPQHF	TRBV9*01	0.000182	0.2139736085691919
CASSPAGGWTEAFF	TRBV18*01	0.000181	0.39312606440762915
CASSSGTDYEF	TRBV12-3*01	0.000181	0.11731174407624004
CASSEMRDRGPETQYF	TRBV6-1*01	0.00018	0.7321985923202767
CASSQDGAGSTYGYTF	TRBV14*01	0.000179	0.30681504770382345
CASSFSGTAAFF	TRBV10-2*01	0.000178	0.6034445651818352
CASSPRERVLETQYF	TRBV7-9*01	0.000175	0.8674384898490903
CASSQPQGRSYEQYF	TRBV3-1*01	0.000173	0.4758976711293715
CSALRATNEKLFF	TRBV20-1*01	0.000171	0.8368581889815176
CASSQGQGNEKLFF	TRBV7-9*01	0.000168	0.17845741503622384
CASSFGRSQNEQFF	TRBV5-6*01	0.000168	0.6512667284145996
CSARGTVARVPPRPKNTGELFF	TRBV20-1*01	0.000167	0.9977461376900814
CSVGEGTGVTGELFF	TRBV29-1*01	0.000167	0.8087020531837474
CASSPQGRGEKLFF	TRBV2*02	0.000167	0.3994089469619443
CASSESRGNTEAFF	TRBV25-1*01	0.000167	0.1486872077100578
CATLRSSATNEKLFF	TRBV19*01	0.000167	0.5671783614664808
CASSVGLVGLGETQYF	TRBV9*01	0.000167	0.682663082068067
CASSPPQGTFNEKLFF	TRBV14*01	0.000164	0.7376040474682574
CASSLAGAGNTIYF	TRBV5-4*01	0.000164	0.2025897438641887
CASSVGSLTYNEQFF	TRBV9*01	0.000163	0.5280796357058175
CASSLGLSYEQYF	TRBV5-6*01	0.000162	0.10278008201184308
CASSFRTGRGETQYF	TRBV13*01	0.000161	0.6404821921199803
CASSEGNEQFF	TRBV3-1*01	0.00016	0.1688285793810839
CSATTEDRYNEQFF	TRBV20-1*01	0.00016	0.9722273431916456
CASSQDIRISGNTIYF	TRBV14*01	0.00016	0.6496382872980575
CASSFAGGLAGPQYF	TRBV5-5*01	0.00016	0.47505917063009706
CSARTGTGVGGYTF	TRBV20-1*01	0.000159	0.9161323864351543
CSARGSSFGAETQYF	TRBV20-1*01	0.000159	0.9053766842377258
CASSGRGKYNEQFF	TRBV3-1*01	0.000158	0.42963650002473214
CASSPGHSLYEQYF	TRBV18*01	0.000157	0.8038691244203878
CASSGEGAAYEKLFF	TRBV5-1*01	0.000156	0.46813318730163755
CASSEGLAGITDTQYF	TRBV2*01	0.000156	0.3793393144156826
CASNGDYQSYEQYF	TRBV5-5*02	0.000156	0.6239395410556317
CASSPDGGIPRDTQYF	TRBV4-2*01	0.000155	0.8999409794961156
CASSEALSGNTIYF	TRBV2*01	0.000155	0.3411325721180528
CASSREAGGPTGELFF	TRBV18*01	0.000155	0.4519006842588844
CASSLASGGRDTQYF	TRBV7-9*01	0.000155	0.24720176349576822
CASSPGTSGSFTDTQYF	TRBV11-2*01	0.000155	0.38806146833602534
CASSQGVSGANVLTF	TRBV5-5*01	0.000155	0.14441494205853367
CASGGGSGGGNQPQHF	TRBV7-9*01	0.000154	0.33551321137132295
CASSPGQGINEQYF	TRBV18*01	0.000153	0.3177172067482585
CASSFPTRCLNTEAFF	TRBV13*01	0.000153	0.9598139645059907
CASSFVDSTYIQYF	TRBV28*01	0.000153	0.7987020913075464
CASSSERFGQFF	TRBV5-8*01	0.000152	0.643803187329123
CASSLASGRPFYYNEQFF	TRBV7-9*01	0.00015	0.8128370875689973
CASSLPDRVGETQYF	TRBV7-9*01	0.00015	0.6835040760095665
CASSLVVETEAFF	TRBV7-9*01	0.000149	0.34325433170910946
CASSPAGGPGDTQYF	TRBV7-6*02	0.000148	0.3911969179907082
CASRPPQGVGYTF	TRBV5-6*01	0.000148	0.7339115501618958
CASSQDGGTFNEQFF	TRBV4-1*01	0.000148	0.5744100774060541
CASSLIPHEQFF	TRBV7-3*01	0.000146	0.6225504584502303
CASSVVAGGGDEQFF	TRBV9*01	0.000145	0.6823585681910338
CASSEGLAASTDTQYF	TRBV5-8*01	0.000145	0.31730066100879395
CASSYQGSSLAFF	TRBV6-5*01	0.000143	0.38372086556860563
CAWSLFGQGNTEAFF	TRBV30*01	0.000142	0.6520495068664037
CASSSGVRETQYF	TRBV5-1*01	0.000142	0.4066772971556309
CASSSPRQPGEQFF	TRBV13*01	0.000142	0.5624237166444376
CASSERRDGNYGYTF	TRBV2*01	0.000141	0.2502561676129198
CSAGEGTGVSGELFF	TRBV29-1*01	0.000141	0.9424374341581819
CASSFNLGFGANVLTF	TRBV13*01	0.00014	0.6579336318427753
CASSFRDRGNEKLFF	TRBV5-5*01	0.000139	0.6450445813278733
CSVDSYGYTF	TRBV29-1*01	0.000138	0.44142273642052077
CSVPFPRFSYNEQFF	TRBV20-1*01	0.000136	0.9823576853826332
CATRDRGNTIYF	TRBV10-3*01	0.000135	0.35248177105612466
CASRSREGGTEAFF	TRBV7-9*01	0.000134	0.1750768056138088
CASSAREYMNTEAFF	TRBV4-1*01	0.000134	0.27054619582288286
CASSQEFVGGNYGYTF	TRBV4-1*01	0.000133	0.361074592761335
CASSSSARSQETQYF	TRBV5-1*01	0.000133	0.39167218170934004
CASSVAQGGTDTQYF	TRBV9*01	0.000133	0.267879557575829
CATSRDLARGVNEQFF	TRBV15*01	0.000133	0.8888053860750615
CSAWMTSYNEQFF	TRBV20-1*01	0.000133	0.9111668752470882
CASSQGVQGPFSQPQHF	TRBV3-1*01	0.000132	0.861788357070312
CASSQATGGRGAYEQYF	TRBV4-1*01	0.000132	0.40266675516333056
CASSQNRDIRRETQYF	TRBV4-1*01	0.000131	0.9149446040773095
CASSQSGSPDYEQYF	TRBV4-2*01	0.000131	0.3196543239775045
CSARDLKRGSADTQYF	TRBV20-1*01	0.00013	0.9888098350513626
CASSQGEGIYNEQFF	TRBV4-1*01	0.000129	0.39024377647588937
CASSLDSNQPQHF	TRBV7-6*01	0.000128	0.13242882058166078
CASSLGSSGRAETQYF	TRBV7-6*01	0.000128	0.32786287945952386
CASSVDSGRGETQYF	TRBV9*01	0.000127	0.32278674852245803
CASSVGTMQETQYF	TRBV9*01	0.000127	0.692875883953926
CASTRGEGYGYTF	TRBV5-1*01	0.000125	0.1514516490702265
CASSVGWGTNEKLFF	TRBV9*01	0.000125	0.3979322134458061
CASSQPGQGSDTQYF	TRBV4-1*01	0.000125	0.26489437199943333
CASSLFSRVSPGNIQYF	TRBV7-8*01	0.000125	0.9369535070636955
CASSGGTGNKWF	TRBV6-1*01	0.000122	0.7503439732097558
CSVARGRVGELFF	TRBV29-1*01	0.000121	0.9250594484859174
CASSPTGGQETQYF	TRBV5-1*01	0.000121	0.30025199234994493
CASSLNSPSGNTIYF	TRBV18*01	0.00012	0.630109623452287
CASGLDRTDFNEKLFF	TRBV12-5*01	0.00012	0.5383273484874466
CASALERGANVLTF	TRBV3-1*01	0.000118	0.4630395206222802
CASSLPGLNTEAFF	TRBV7-9*01	0.000117	0.22588543096916708
CSVARVPSGNTIYF	TRBV29-1*01	0.000117	0.8163697631613959
CSVVAGLTNTGELFF	TRBV29-1*01	0.000117	0.8502269147136959
CASRGDLANQPQHF	TRBV7-3*01	0.000116	0.45490317437734185
CSVEARKGTGELFF	TRBV29-1*01	0.000115	0.9559827045578941
CASSQWTEETQYF	TRBV3-1*01	0.000114	0.7256330711088421
CASSPSGVGMNTEAFF	TRBV5-4*01	0.000114	0.34615433063252826
CASSRRPGQGGDTQYF	TRBV4-1*01	0.000114	0.5594840703006196
CASSPAPGRVTYEQYF	TRBV11-2*01	0.000114	0.513955011467922
CSVEDRGGRAGGYGYTF	TRBV29-1*01	0.000113	0.8397305022923052
CASSLPQASSGNTIYF	TRBV7-9*01	0.000113	0.3484275937266944
CASSSRLGLGGSSDTQYF	TRBV5-5*01	0.000113	0.3923354091417793
CASSRGGSPNEQFF	TRBV3-1*01	0.000113	0.6257614397416867
CASSQGPGQYNEQFF	TRBV4-1*01	0.000112	0.3263850528894382
CASSLGWGINQPQHF	TRBV5-6*01	0.000112	0.2965107570907785
CASSPSRVPGTEAFF	TRBV9*01	0.000112	0.5772140890762911
CATSREAGVRPYNEQFF	TRBV15*01	0.000111	0.8502068605066485
CASSQAQGAGELFF	TRBV3-1*01	0.000109	0.2659795377159258
CASSLYSGQTYEQYF	TRBV5-5*03	0.000109	0.27511223816364966
CASSLSSGTGDGNEQFF	TRBV7-6*01	0.000109	0.2629354854318219
CAISGSGGGNQPQHF	TRBV10-3*01	0.000108	0.3208637196544521
CSARLAGGHNEQFF	TRBV20-1*04	0.000107	0.904972391618118
CASSGQLNTEAFF	TRBV3-1*01	0.000107	0.14819521115076778
CASSQDAVAKNIQYF	TRBV4-1*01	0.000107	0.8485526864581069
CSSKGPRNTEAFF	TRBV29-1*01	0.000106	0.7616670578730773
CSVSGTSNTEAFF	TRBV29-1*01	0.000106	0.32866393177524544
CASASGTDAKNIQYF	TRBV7-3*01	0.000106	0.820121134975607
CASSIAPIQGYSNQPQHF	TRBV19*01	0.000105	0.6470911067300854
CASSRTSGAPTGELFF	TRBV6-6*04	0.000105	0.4618047433931861
CASSQDNTGYYEQYF	TRBV4-1*01	0.000104	0.5169548777084744
CASSQAVQGGNSPLHF	TRBV4-2*01	0.000104	0.3706280884609272
CASSLGQPGNTIYF	TRBV5-1*01	0.000102	0.24449728098257958
CASSLGRDGTQYF	TRBV5-4*01	0.000102	0.4250623793065165
CASSQEGQGADNEQFF	TRBV4-1*01	0.000102	0.4651108265245721
CASSQSPTGELFF	TRBV10-1*01	0.000101	0.29028579615649397
CASSSGQRQETQYF	TRBV5-4*01	0.000101	0.43209575697956537
CASSASWGEKLFF	TRBV2*01	0.0001	0.2966224181260084
CASSFTGGNYQPQHF	TRBV5-8*01	0.0001	0.4496669499412104
CSVGENTEAFF	TRBV29-1*01	0.0001	0.4641914390249535
CASSLAGGTDTQYF	TRBV5-6*01	0.0001	0.15043744440138415
CASSLVYRASGRNEQFF	TRBV5-1*01	9.9e-05	0.8803958766508074
CSARREGAYTEAFF	TRBV20-1*01	9.8e-05	0.8837011011868557
CSAGRGLANEKLFF	TRBV20-1*01	9.8e-05	0.8508734267725295
CSAWTSGKAGYEQYF	TRBV20-1*04	9.7e-05	0.9162757646736982
CASSQEISNQPQHF	TRBV3-1*01	9.6e-05	0.23783663571871735
CASSLGGAAKNIQYF	TRBV28*01	9.4e-05	0.6434998239842504
CSVEEMRERKAFF	TRBV29-1*01	9.3e-05	0.9721227986989133
CATSRGGGSGPTVVETQYF	TRBV15*01	9.3e-05	0.8767848889703705
CASSLEGGRGYEQYF	TRBV5-5*01	9.2e-05	0.15890219939512368
CASSVGTSQKETQYF	TRBV9*01	9.2e-05	0.63938360772349
CASSHVTSGIAKNIQYF	TRBV4-1*01	9.2e-05	0.860763828123865
CASSGGLHYGNTIYF	TRBV14*02	9.2e-05	0.3880058929293756
CASSLAGVGTQYF	TRBV5-6*01	9.1e-05	0.4761325119531317
CASSQDTSILDTQYF	TRBV4-1*01	9.1e-05	0.8211961313705942
CASSSGRRGPQHF	TRBV3-1*01	9e-05	0.22924672771595125
CASSRNEGARETQYF	TRBV18*01	9e-05	0.7434677383056827
CASSQDRGRQMYF	TRBV14*01	9e-05	0.6806796671287905
CASSLRGNTEAFF	TRBV6-6*04	9e-05	0.09958040389450128
CASSPGRGRVDEQYF	TRBV28*01	8.9e-05	0.599550925785011
CSVVGTSGILDTQYF	TRBV29-1*02	8.9e-05	0.9072300428845077
CASSVGLGSALEETQYF	TRBV9*01	8.9e-05	0.6836253062859401
CASSPTGGLETQYF	TRBV5-1*01	8.8e-05	0.417734271048421
CASSVGEVSNEKLFF	TRBV9*01	8.8e-05	0.31414772777148325
CASSLLLAGGGETQYF	TRBV7-9*01	8.8e-05	0.43135697203869044
CASSSQPNTEAFF	TRBV9*01	8.8e-05	0.1680353672412722
CSVEAVPRSYTF	TRBV29-1*01	8.8e-05	0.9500924863240985
CASSQSAGEFTGELFF	TRBV16*01	8.6e-05	0.40182094952632996
CASSDVAGERKTQYF	TRBV10-2*01	8.5e-05	0.7905981376526475
CASSTSGRIAGELFF	TRBV5-4*01	8.5e-05	0.5678162635346385
CAISDGHVSGANVLTF	TRBV24-1*01	8.5e-05	0.5910048530260892
CASSQDPGGLFSSGNTIYF	TRBV3-1*01	8.5e-05	0.7662025135635151
CASSQGEWGSQYF	TRBV4-1*01	8.4e-05	0.67755554047478
CASSLSLAGGGHNEQFF	TRBV7-2*01	8.4e-05	0.41613303131145807
CSVARGRESPDTQYF	TRBV29-1*02	8.4e-05	0.9705198823075153
CASSPPEEGNGNTIYF	TRBV13*01	8.3e-05	0.5068229448223336
CASSIDTNEKLFF	TRBV7-2*01	8.2e-05	0.22423908551704017
CASSQGLAGFYTYNEQFF	TRBV4-1*01	8.2e-05	0.6366808950576224
CASSPGGGWTEAFF	TRBV18*01	8e-05	0.33052441161705304
CSVEDGGDTQYF	TRBV29-1*01	8e-05	0.7492299126474826
CSFGQSNTGELFF	TRBV29-1*01	8e-05	0.7779545628234604
CSVDGAVSGNTIYF	TRBV29-1*01	8e-05	0.7669548933444444
CSVEGLAGGKSYEQYF	TRBV29-1*01	7.8e-05	0.7718383965269903
CASSPRQGRSVGNQPQHF	TRBV19*01	7.7e-05	0.5949112972702204
CASSQDSAYTGELFF	TRBV4-1*01	7.7e-05	0.39155973125441246
CASSQDRRGSLTSDTQYF	TRBV3-1*01	7.7e-05	0.7658689374280584
CASSGGLRFDEQFF	TRBV3-1*01	7.7e-05	0.8176168412596784
CASSFGLALQETQYF	TRBV5-4*01	7.7e-05	0.6230742928763656
CASREDERTATYEQYF	TRBV6-1*01	7.5e-05	0.6924955433225511
CASSQVHSLGEKLFF	TRBV4-2*01	7.4e-05	0.9340648911401018
CASSHDTGHRMDEQFF	TRBV3-1*01	7.4e-05	0.9577409777198899
CASSSGGRTDTQYF	TRBV11-3*01	7.3e-05	0.19496842908454373
CASSQGHSEQYF	TRBV5-8*01	7.3e-05	0.35794112551319274
CASSIGLQETQYF	TRBV19*01	7.3e-05	0.4022836220211421
CASSDPGQGGTDTQYF	TRBV9*03	7.3e-05	0.2835766498514065
CSALRATNEKLFF	TRBV20-1*01	7.2e-05	0.8368581889815176
CASSYSTRGLYSNQPQHF	TRBV6-5*01	7.2e-05	0.8009815024228029
CASSQGRNEKLFF	TRBV9*01	7.1e-05	0.18993258570418314
CASSLQVNTEAFF	TRBV3-1*01	7e-05	0.24224409570073716
CSGLIQGAGYTF	TRBV29-1*01	7e-05	0.8642344374685652
CASSPPGQSSYEQYF	TRBV7-4*01	6.9e-05	0.39796914978999554
CASSHRRGQETQYF	TRBV3-1*01	6.9e-05	0.5661187966461518
CASSITGQLINTEAFF	TRBV28*01	6.9e-05	0.5735396229312871
CASSLVGQGGTGELFF	TRBV7-6*01	6.7e-05	0.22128416634833872
CASSVKTSGSGQYF	TRBV10-2*01	6.7e-05	0.764708891016817
CASSDFGSSTDTQYF	TRBV2*01	6.7e-05	0.2945496472229806
CASSPSRDYYEQYF	TRBV18*01	6.6e-05	0.2919538956674321
CASSLESSGGLFF	TRBV11-2*01	6.4e-05	0.568675937980785
CASSVELAGRDTQYF	TRBV9*01	6.4e-05	0.6254679588350173
CASSLHEGLASPSYEQYF	TRBV13*01	6.1e-05	0.8297895982849275
CASSLSTPRVVFF	TRBV5-5*01	6.1e-05	0.8733498574085672
CASGMMNTEAFF	TRBV3-1*01	6.1e-05	0.3932854575170313
CASSLSGVGNTIYF	TRBV12-4*02	6.1e-05	0.2663268800843868
CASSFGTGELFF	TRBV12-3*01	6e-05	0.08328677088402506
CASSPKAGVTDTQYF	TRBV18*01	6e-05	0.5843748473441264
CSASPSGAAETQYF	TRBV20-1*04	5.9e-05	0.8503543688711694
CSVELAGLGEQFF	TRBV29-1*01	5.9e-05	0.9133524238735706
CSVGDGSYEQYF	TRBV29-1*01	5.9e-05	0.646770052422356
CASSPGTWQFF	TRBV18*01	5.8e-05	0.5530055750255538
CASSLAWGEETQYF	TRBV5-6*01	5.8e-05	0.6418246819324749
CASSLATGPDEQYF	TRBV5-6*01	5.8e-05	0.330801153222476
CASSQGQGNEKLFF	TRBV7-9*01	5.8e-05	0.17845741503622384
CASSRSRAENTEAFF	TRBV6-6*04	5.7e-05	0.26769424685198434
CANSEGQGYGYTF	TRBV5-1*01	5.7e-05	0.18912795818021683
CATSDLWRDRPYNEQFF	TRBV24-1*01	5.6e-05	0.9546600731551259
CASSQAPPTGATNQPQHF	TRBV4-2*01	5.6e-05	0.5945088411327534
CASSARGHSGNTIYF	TRBV9*03	5.5e-05	0.21373607579626866
CASSLVDGTVRETQYF	TRBV3-1*01	5.5e-05	0.9355391134540602
CSVQQGWSYEQYF	TRBV29-1*01	5.5e-05	0.8593940506725732
CASSGPRWGGRGENIQYF	TRBV28*01	5.5e-05	0.9444183678714871
CASSQRGTDTQYF	TRBV4-1*01	5.4e-05	0.1482625795062976
CASSTGGGSSQPQHF	TRBV19*03	5.4e-05	0.1684075172727619
CASSWGTASGNTIYF	TRBV5-6*01	5.4e-05	0.44776631784654
CSVVLAGGVSYEQYF	TRBV29-1*01	5.4e-05	0.7382986678342626
CASSPAGRMNTGELFF	TRBV9*01	5.3e-05	0.5692344675969391
CASSQVGGNYGYTF	TRBV3-1*01	5.2e-05	0.21835244416430533
CASSEGVPSYERYF	TRBV6-1*01	5.2e-05	0.8202993884993878
CAETSGSGTGELFF	TRBV30*01	5.2e-05	0.23072161887483655
CASSQAGFKNNSPLHF	TRBV4-2*01	5.2e-05	0.8639011555259103
CASSQEAADEQFF	TRBV4-2*01	5.1e-05	0.4431463036060454
CSVGRENYGYTF	TRBV29-1*01	5e-05	0.6890409720267038
CASSQDLGLSGNTIYF	TRBV4-2*01	5e-05	0.5572938733170645
CASSPSTDTQYF	TRBV18*01	4.9e-05	0.20783260482686025
CASSPTQLAGGHEQYF	TRBV3-1*01	4.9e-05	0.4316964586412833
CASSIAKIQSYSGANVLTF	TRBV19*01	4.9e-05	0.8393017078990871
CASSPQDRGHEKLFF	TRBV18*01	4.8e-05	0.4616763734323998
CASSQRQAKQPQHF	TRBV3-1*01	4.8e-05	0.5878637831652027
CASSESPQGWEKLFF	TRBV10-2*01	4.8e-05	0.558718361286688
CSALRARQTQYF	TRBV20-1*01	4.7e-05	0.9507926465023215
CASSDQSRGGGSPLHF	TRBV2*01	4.7e-05	0.4271815719130728
CASSRDFQETQYF	TRBV14*01	4.7e-05	0.5561622100488105
CASSLEGGNTGELFF	TRBV5-6*01	4.7e-05	0.11696955522603625
CASSPQRGRNQPQHF	TRBV18*01	4.7e-05	0.23899422187047378
CASSSRLATNEKLFF	TRBV9*03	4.6e-05	0.30042426161125013
CASSVGRLDNEQFF	TRBV9*01	4.6e-05	0.7477008794452453
CSVEDRDRGREQYF	TRBV29-1*01	4.5e-05	0.9250995526605873
CASSLSQGRDGYTF	TRBV5-4*01	4.5e-05	0.6539144942150011
CPSSGGGANVLTF	TRBV5-1*01	4.5e-05	0.22044768699492445
CASRPRDGLNEKLFF	TRBV19*01	4.5e-05	0.5813369354729296
CASSQSRGNQPQHF	TRBV3-1*01	4.4e-05	0.1330784999211524
CSVEDHTDTQYF	TRBV29-1*01	4.3e-05	0.8535528534633883
CASSRQASNSPLHF	TRBV3-1*01	4.2e-05	0.5289723730956889
CASSQTWGDGTGRGNEQFF	TRBV4-1*01	4.2e-05	0.8608601528489738
CASSTDVGGSDTQYF	TRBV7-9*01	4.2e-05	0.3013595098756697
CASSLLHTGRAGELFF	TRBV3-1*01	4.2e-05	0.6138066939697301
CASSHTGFAAGANVLTF	TRBV3-1*01	4.1e-05	0.6831045604833484
CASSPGTGANQPQHF	TRBV7-2*01	4.1e-05	0.12908416102133252
CSARHRGNTGELFF	TRBV20-1*02	4e-05	0.9000682611639854
CASSSRNKYEKLFF	TRBV28*01	4e-05	0.6527216019886881
CASSQDGGTYNEQFF	TRBV4-1*01	4e-05	0.3562443807322643
CSANWGGLGYGYIF	TRBV20-1*01	4e-05	0.8106350146222281
CASSPFDSGSSKNIQYF	TRBV18*01	3.9e-05	0.8359755069833401
CASSFGLANEKLFF	TRBV5-6*01	3.9e-05	0.2780974478737979
CAWSLGGGQWNNEQFF	TRBV30*01	3.9e-05	0.8868812800687415
CASSQDFNVRSYNEQFF	TRBV3-1*01	3.7e-05	0.7915814295907982
CASNIGGGAQETQYF	TRBV7-9*01	3.7e-05	0.6089347662454336
CASSSSNTGKLFF	TRBV27*01	3.7e-05	0.3382818720124775
CASSFRAGESYNEQFF	TRBV5-6*01	3.6e-05	0.5603641594184429
CASSLTGAGNTEAFF	TRBV3-1*01	3.6e-05	0.16472827181789892
CATSGGGANVLTF	TRBV5-1*01	3.6e-05	0.24463378760196497
CASNENGLAGPHEQFF	TRBV10-2*01	3.6e-05	0.9051655624242001
CSVATNPEREQYF	TRBV29-1*01	3.5e-05	0.9500816210649742
CAWSALGQFPVIGELFF	TRBV30*01	3.4e-05	0.9719060525619883
CASSLAPGRMNTEAFF	TRBV5-6*01	3.3e-05	0.6132641343096387
CASSGRDSSYNEQFF	TRBV5-5*02	3.3e-05	0.26590783743453317
CASSGGPSYNEQFF	TRBV18*01	3.1e-05	0.28475862357953174
CASSLYRGAKEKLFF	TRBV5-1*01	3.1e-05	0.6477067719281736
CASSQDRRGSLTSDTRYF	TRBV3-1*01	3.1e-05	0.8998981408352567
CSVAGDFSTNEKLFF	TRBV29-1*01	3.1e-05	0.8896602597097069
CASSPRTSGGGNEQFF	TRBV27*01	3e-05	0.4768183696379441
CASSAREYMNTEASF	TRBV4-1*01	3e-05	0.9407818598741099
CASSQDLTGRDSSYEQYF	TRBV3-1*01	3e-05	0.6031371564232517
CSVEDPKGTLHEQFF	TRBV29-1*01	3e-05	0.9877836360398986
CASSPGTASYNEQFF	TRBV5-1*01	2.9e-05	0.34149464642995897
CSVGSGTDTQYF	TRBV29-1*01	2.7e-05	0.5707230347077152
CASSPARNNEQFF	TRBV18*01	2.7e-05	0.5610334694747267
CASSENLGGRETQYF	TRBV10-1*01	2.6e-05	0.7661249657072547
CSVTGGAYEQYF	TRBV20-1*01	2.6e-05	0.5312152475281484
CASSNLGGLRETQYF	TRBV5-4*01	2.6e-05	0.6744708019128959
CASSPGGEYSNQPQHF	TRBV5-5*01	2.6e-05	0.21398122754618898
CASSYSGGNEKLFF	TRBV6-5*01	2.6e-05	0.2253453968865493
CSVNRQGAQETQYF	TRBV29-1*02	2.5e-05	0.7172415532755182
CASSRPQTGDTDTQYF	TRBV7-2*01	2.3e-05	0.5371033645346898
CASSTDVGGSDTQHF	TRBV7-9*01	2.3e-05	0.5213657628715943
CASSLSTVRDEKLFF	TRBV9*01	2.3e-05	0.8258878499691732
CASSLAGSASTDTQYF	TRBV5-1*01	2.2e-05	0.24035104515255223
CVSSQGGGEQYF	TRBV7-9*01	2.2e-05	0.22885095492973395
CASHPGLAGERSYEQYF	TRBV5-4*01	2.2e-05	0.6705224830462724
CSVGDGSYEQYF	TRBV29-1*01	2.2e-05	0.646770052422356
CASGLPGELYYGYTF	TRBV5-4*01	2.2e-05	0.49870163494116454
CASSPQPGGEGAFF	TRBV18*01	2.1e-05	0.6387172769333196
CASSLHEGLASPSYEQYF	TRBV13*01	2.1e-05	0.8297895982849275
CAGSFADTQYF	TRBV10-2*01	2.1e-05	0.485286986591599
CASSPGGGVGKPQHF	TRBV27*01	2.1e-05	0.44620822082071954
CSVSGAQAAGGYTF	TRBV29-1*01	2.1e-05	0.7252183023324705
CSASDQGQRATTEAFF	TRBV20-1*01	2e-05	0.8950214535445997
CSVSRDTDEQYF	TRBV29-1*01	1.9e-05	0.5038046922051148
CASSPQGGTLGGYTF	TRBV9*03	1.9e-05	0.8005482563900175
CASSLAGNTEAFF	TRBV5-4*01	1.9e-05	0.08433380428393676
CASSIKTGELFF	TRBV5-4*01	1.9e-05	0.34566917339286324
CASSSSVQQYF	TRBV12-3*01	1.9e-05	0.33664047930654
CAGSFPGQGHTEAFF	TRBV10-2*01	1.9e-05	0.8275411600429686
CSVEGLAGGLDTQYF	TRBV29-1*01	1.8e-05	0.7431866659536879
CASSLDSDQLAKNIQYF	TRBV5-8*01	1.8e-05	0.8297086139417913
CASQLQGQRETQYF	TRBV18*01	1.8e-05	0.7605215804746984
CASSRAAGRSLSYNEQFF	TRBV19*01	1.8e-05	0.7282316474146701
CASSQGQNGNQPQHF	TRBV13*01	1.8e-05	0.22411916458187645
CASSHSGSSHTEAFF	TRBV3-1*01	1.7e-05	0.31215941173334644
CASSLATGPDERYF	TRBV5-6*01	1.6e-05	0.44664476538178527
CASSLALNEQFF	TRBV7-7*01	1.5e-05	0.3097644184290649
CASSPTGGSTDTQYF	TRBV18*01	1.5e-05	0.23858605049492543
CASSPRTLTYNEQFF	TRBV18*01	1.4e-05	0.6782053363749864
CASSLGGLQRSFYGQFF	TRBV5-5*01	1.4e-05	0.8962969000725916
CASSPPTDRETQYF	TRBV18*01	1.4e-05	0.6603920086756665
CASSPKTGGTQETQYF	TRBV18*01	1.4e-05	0.6680876970638435
CASRMDRSSGNTIYF	TRBV19*01	1.3e-05	0.430747979332688
CASSQVLAGEGSYNEQFF	TRBV4-1*01	1.3e-05	0.6960761873070431
CASSVTLSSGSTDTQYF	TRBV4-2*01	1.3e-05	0.5766027567649772
CASRSREGGTEAFF	TRBV7-9*01	1.3e-05	0.1750768056138088
CAWSRGALASGDTQYF	TRBV30*01	1.3e-05	0.7494505984677882
CSVRPRGTEAFF	TRBV29-1*01	1.2e-05	0.8104218453682092
CASSFVGNTGGLFF	TRBV27*01	1.2e-05	0.5919710144059013
CASSPLEGAKNIQYF	TRBV18*01	1.2e-05	0.6774192494539576
CSARGTVACVPPRPKNTGELFF	TRBV20-1*01	1.1e-05	0.9989320152858733
CASSQEQLDSNQPQHF	TRBV4-1*01	1.1e-05	0.7395369515705387
CAGSQTWGDGTGRGNEQFF	TRBV4-1*01	1.1e-05	0.9232600670593836
CASSFWGSEQYF	TRBV12-3*01	1.1e-05	0.6816331880033222
CASSIAIRRGIQYF	TRBV19*01	1e-05	0.9494374827188572
CASGMGTGRTDTQYF	TRBV7-2*01	1e-05	0.6247708970135081
CANCSDQPQHF	TRBV19*01	1e-05	0.8626941021474445
CASSLGLAGDRYEQYF	TRBV13*01	1e-05	0.2162902210281741
CASSLENIQYF	TRBV7-9*01	1e-05	0.48082789211658084
CSVKTSGTVGFF	TRBV29-1*01	1e-05	0.9716548696232823
CASGLPGELYYGYTF	TRBV5-4*01	1e-05	0.49870163494116454
CASSPGTAYEQHF	TRBV5-6*01	9e-06	0.3270922933156007
CASSQDRTGEQYF	TRBV3-1*01	9e-06	0.34731474335443535
CASSYQGSSLVFF	TRBV6-5*01	9e-06	0.3412113229375461
CASSFVGQLYNSPLHF	TRBV6-5*01	9e-06	0.7720325046132481
CASSYSGSDEQFF	TRBV6-5*01	8e-06	0.22623596662287182
CASSQVKTQYF	TRBV3-1*01	8e-06	0.7258281990847572
CPSRGGGANVLTF	TRBV5-1*01	8e-06	0.3176797508864585
CAGTRTGLVAKNIQYF	TRBV6-1*01	8e-06	0.8775754647467966
CASSQGVGGANVLTF	TRBV5-5*01	8e-06	0.15386029913159152
CASSHGGGTSYDEQYF	TRBV18*01	7e-06	0.3699396255488541
CASSPLPAGGETQYF	TRBV18*01	7e-06	0.7253880394057997
CASSPARHNEQFF	TRBV18*01	7e-06	0.48245377788110577
CASSPGRGRVDEQYF	TRBV28*01	7e-06	0.599550925785011
CASSSHPGSEEKLFF	TRBV5-4*01	6e-06	0.3797717854895794
CASSIQVNKGEQFF	TRBV18*01	6e-06	0.9562745986713266
CASSRDSRTSYNEQFF	TRBV5-4*01	6e-06	0.38838737866355827
CASSLTGTGRPTMYF	TRBV5-6*01	6e-06	0.7596045721500653
CASSSGRAYEQYF	TRBV5-6*01	6e-06	0.21323152639231108
CASSQPVASGRRSYNEQFF	TRBV3-1*01	6e-06	0.6393102571486015
CASSPQTMGGANVLTF	TRBV18*01	6e-06	0.5176375982682331
CASSLLGGGRNTEAFF	TRBV5-5*02	6e-06	0.13452214521810457
CASSPRGADYNEQFF	TRBV18*01	5e-06	0.2846886067034239
CASSFGQGREKLFF	TRBV7-9*01	5e-06	0.3593429445212261
CASSEITGTPWELFF	TRBV6-1*01	5e-06	0.8284351135212875
CASSQARGAGELFF	TRBV3-1*01	5e-06	0.35139331616037484
CASSLDSYEQFF	TRBV5-4*01	5e-06	0.23334839823274642
CASSVGTSQRETQYF	TRBV9*01	5e-06	0.48145126559338003
CASSPGGEYSNRPQHF	TRBV5-5*01	5e-06	0.670420633867079
CASSSGGRTDTQYF	TRBV11-3*01	5e-06	0.19496842908454373
CASSHDGEFGSPLHF	TRBV4-1*01	5e-06	0.816581489710622
CAGSSGGPYEQYF	TRBV7-2*01	5e-06	0.16147742381742017
CASRRYPLAEGRYNEQFF	TRBV5-6*01	5e-06	0.9574429547491758
CASSDMGPQETQYF	TRBV6-1*01	5e-06	0.8225103393934146
CASSRQGSYNEQFF	TRBV6-1*01	5e-06	0.17710558916007738
CASSLVLAGRETQYF	TRBV7-9*01	4e-06	0.4844320536317539
CASSLQVNTEAFF	TRBV3-1*01	4e-06	0.24224409570073716
CARSPGGGVGKPQHF	TRBV27*01	4e-06	0.674211420617853
CASSLVPSGSKTGELFF	TRBV5-4*01	4e-06	0.7639429788896211
CSARDLHGQPQHF	TRBV20-1*01	4e-06	0.9641252423296371
CASGMGTGRTDTQYF	TRBV7-2*01	4e-06	0.6247708970135081
CASSFRQVNEKLFF	TRBV28*01	4e-06	0.5696780054947743
CASSDSSGANVLTF	TRBV6-2*01	4e-06	0.11385780436748819
CASSPTGGYEQFF	TRBV12-3*01	4e-06	0.3157423369870248
CASSFRFGGIWNTGELFF	TRBV27*01	3e-06	0.8139278846092761
CASSKTGGVYEQYF	TRBV6-6*03	3e-06	0.3313342678680627
CASSITSGGNNEQFF	TRBV6-2*01	3e-06	0.5321733079406872
CASSFQDRGRRTGELFF	TRBV28*01	3e-06	0.7787606527075833
CASSTVAGTYNEQFF	TRBV6-6*03	3e-06	0.4432681926767748
CASSEWTDTEAFF	TRBV6-1*01	3e-06	0.30769172869590183
CASSPGGEYSNQPQRF	TRBV5-5*01	3e-06	0.8419012531641117
CASSQEGTSGSSIGNEQFF	TRBV4-3*01	3e-06	0.5371235295723267
CASPRQTRGTGELFF	TRBV6-8*01	3e-06	0.8814276492278511
CASSYQGAVGYTF	TRBV6-5*01	3e-06	0.5543455551813484
CATSRDTDSEGNTIYF	TRBV15*01	3e-06	0.2894092293089711
CASSFRAGESYNEQFF	TRBV5-6*01	3e-06	0.5603641594184429
CAWSVQLAGEPGELFF	TRBV30*01	3e-06	0.9101522053297563
CASSELRGDNSPLHF	TRBV2*03	3e-06	0.3154835815212525
CASSFGQGRAEQYF	TRBV28*01	3e-06	0.5234346226457868
CSVEGSARNTEAFF	TRBV29-1*01	3e-06	0.7869792071907339
CASSVERGRGETQYF	TRBV10-2*01	3e-06	0.4433712449615396
CASSPWRSSNEKLFF	TRBV28*01	3e-06	0.5634610539663782
CASTQDGDNSPLHF	TRBV6-6*04	3e-06	0.28521529815118857
CASSLRDNAEQYF	TRBV12-3*01	3e-06	0.622942041653121
CATSSSSDSEGNTIYF	TRBV15*02	2e-06	0.1779390690038474
CASSYLGSFSNEQFF	TRBV6-5*01	2e-06	0.8292667118215372
CASSLSQRDEQYF	TRBV28*01	2e-06	0.3445906275806648
CASSYGQPDDTGELFF	TRBV6-5*01	2e-06	0.7648852222862569
CASSRGVSGPDTQYF	TRBV6-2*01	2e-06	0.42539956899251485
CASSFWAGNSPLHF	TRBV28*01	2e-06	0.730810040182408
CASSYSTEELFF	TRBV6-2*01	2e-06	0.1308632468008265
CASSYSSWGVLNYGYTF	TRBV6-5*01	2e-06	0.4861711020760658
CASSPTVKNRHEQYF	TRBV28*01	2e-06	0.7171240050471145
CASSPAGNNEQFF	TRBV18*01	2e-06	0.4881485774613884
CASSRQLEQYF	TRBV6-6*04	2e-06	0.550950126259472
CASSFLASTEEETQYF	TRBV28*01	2e-06	0.6531116145282658
CASSYGWTTNTGELFF	TRBV6-6*03	2e-06	0.6251410312769662
CASITSGGNTGELFF	TRBV6-5*01	2e-06	0.40604533904878376
CSVEGSARNTEAFF	TRBV29-1*01	2e-06	0.7869792071907339
CASSLSPTDGYTF	TRBV7-3*01	2e-06	0.700293938641088
CASSWDRELNSPLHF	TRBV5-6*01	2e-06	0.76764148380072
CSATAPESGPYEQYF	TRBV20-1*01	2e-06	0.937000741616118
CASSYRDTGELFF	TRBV6-2*01	2e-06	0.19360653483051607
CASSYRDGSYNEQFF	TRBV28*01	2e-06	0.35059457688779166
CASRPGGGVGKPQHF	TRBV27*01	2e-06	0.5103313074240691
CSATTPESGPYEQYF	TRBV20-1*02	2e-06	0.9469709672851567
CASSFGQGREKLFF	TRBV7-9*01	2e-06	0.3593429445212261
CASSRQGNNQPQHF	TRBV12-3*01	2e-06	0.22041446021272793
CASSQGPNYGYTF	TRBV7-2*01	2e-06	0.18296433045186206
CASSSQGDYEQYF	TRBV5-1*01	2e-06	0.11487285400223055
CASGPDPLATDTGELFF	TRBV6-6*05	2e-06	0.780060297957453
CASSRDSLAESSYEQYF	TRBV6-2*01	2e-06	0.48788989290757134
CAISDRYRGNTGELFF	TRBV10-3*01	2e-06	0.8489508591525949
CASSYRAGGGNEQYF	TRBV6-2*01	2e-06	0.3494600888461207
CASGRSVAGAEQFF	TRBV7-6*01	2e-06	0.7268317625556717
CASSYQGYTGELFF	TRBV6-5*01	2e-06	0.36263442603129725
CASSYGGEGQPQHF	TRBV6-2*01	2e-06	0.3573080056570546
CASSEGQGSPKQYF	TRBV2*01	2e-06	0.6985446551711356
CASSASTGAYGYTF	TRBV6-6*05	2e-06	0.18541031145573914
CASKRGRTDTQYF	TRBV19*01	2e-06	0.4556378609653604
CASSLMDAYEQYF	TRBV5-1*01	2e-06	0.48189616150994635
CASSLQETQYF	TRBV7-9*01	2e-06	0.21294330283119758
CASSSQSRLAGGRSTGELFF	TRBV5-4*01	2e-06	0.5743165863212629
CASSYPRAAAAPYEQYF	TRBV6-2*01	2e-06	0.5432070539756678
CARSDQSRGGGSPLHF	TRBV2*01	2e-06	0.6502041800073228
CASSHRAGPGNSPLHF	TRBV6-6*04	2e-06	0.8141539250345737
CASSRKAGTASPGYTF	TRBV27*01	2e-06	0.9430051514984731
CASSSGQTARQPQHF	TRBV28*01	2e-06	0.493854198943463
CASSVLPGGLNEQYF	TRBV2*01	2e-06	0.4749158011634906
CASGRDRGEQPQHF	TRBV2*01	2e-06	0.4190815580914791
CASSPGANRIEQFF	TRBV12-3*01	2e-06	0.8518721620023212
CSARDLLAPYEQYF	TRBV20-1*01	2e-06	0.9319949481229033
CAGSLHGNYGYTF	TRBV28*01	2e-06	0.37453794747024716
CASSDRMTNEQFF	TRBV19*01	2e-06	0.6023804957228321
CASSTGTYNEQFF	TRBV12-3*01	2e-06	0.15420461990440754
CSVIGALNIQYF	TRBV29-1*01	1e-06	0.9562014867469756
CASSLSGLATDTQYF	TRBV27*01	1e-06	0.23031444543754054
CSARDFSGFADTQCF	TRBV20-1*01	1e-06	0.9696836069256504
CASSLAWGQETQYF	TRBV5-6*01	1e-06	0.5804335843893278
CASSPRTSGGGGNEQFF	TRBV27*01	1e-06	0.4768183696379441
CASSLGLAGDADTQYF	TRBV18*01	1e-06	0.31189278787850905
CASSTKRDLTDTQYF	TRBV5-4*01	1e-06	0.8127049333783066
CAWSVRHEAPLHF	TRBV30*01	1e-06	0.891716211089262
CASSSRLAGGITDTQYF	TRBV27*01	1e-06	0.48409744823799306
CASSLPVEGQGNQPQHF	TRBV28*01	1e-06	0.488590939703117
CATIPQGMETQYF	TRBV6-2*01	1e-06	0.8868743195002443
CASSAGTSGGHFTDTQYF	TRBV6-2*01	1e-06	0.8135577615546774
CASSDGTSADYNEQFF	TRBV6-4*01	1e-06	0.4552159393892513
CASSPRQGSTDTQYF	TRBV19*01	1e-06	0.2718944741604459
CASSSDRVGNQPQHF	TRBV6-5*01	1e-06	0.277998737627033
CASSSGTASYEQYF	TRBV27*01	1e-06	0.1898677025769041
CASSSGKDYNEQFF	TRBV6-6*05	1e-06	0.21372000938932684
CATGGLLGGEAFF	TRBV6-1*01	1e-06	0.7494440397660049
CASSYRETGELFF	TRBV28*01	1e-06	0.23839949182982545
CASSFGVGRAFF	TRBV12-3*01	1e-06	0.7601952795337084
CASSPNSYEQYF	TRBV5-1*01	1e-06	0.3376524538952029
CSAGGTFYGYTF	TRBV20-1*01	1e-06	0.8220232976492693
CASSPPGPGASTDTQYF	TRBV6-6*05	1e-06	0.45949224404654
CASRVPPRDRGDNEQFF	TRBV28*01	1e-06	0.9904815072239512
CASSYLLTGADYGYTF	TRBV6-5*01	1e-06	0.5182742700572611
CASSSGLAGGREQFF	TRBV27*01	1e-06	0.26914711580117057
CASSYSAGTGQPQHF	TRBV6-5*01	1e-06	0.22889297020868044
CSARRLAGDSYEQYF	TRBV20-1*01	1e-06	0.8800899331054043
CASSADRNSYEQYF	TRBV6-1*01	1e-06	0.33570164195765667
CASSLVATTDTQYF	TRBV7-2*01	1e-06	0.37170846951586184
CASRPSGGSYEQYF	TRBV7-2*01	1e-06	0.23738066045264744
CASSFQGYTEAFF	TRBV28*01	1e-06	0.23343222057090518
CASSLSSSYEQYF	TRBV28*01	1e-06	0.10488011090549408
CASSLGGAEKLFF	TRBV28*01	1e-06	0.17123053269832467
CASGHHTGELFF	TRBV6-1*01	1e-06	0.49959719189775104
CASRNHLREQFF	TRBV6-1*01	1e-06	0.9096984232069715
CASSHRGTSGITLDEQFF	TRBV18*01	1e-06	0.8504900254015224
CASSEFSGDREVRGYTF	TRBV6-1*01	1e-06	0.8180302587054651
CASRDGAATGSYEQYF	TRBV6-1*01	1e-06	0.4126622730185301
CASSLGSGGAYEQYF	TRBV28*01	1e-06	0.1435168348846054
CATSRDSRANEAFF	TRBV15*01	1e-06	0.49126606248317645
CASSGTTGPGEQFF	TRBV19*01	1e-06	0.605135595662008
CASRQDWTANEQFF	TRBV19*01	1e-06	0.8783982338107846
CASSELALSYEQYF	TRBV5-1*01	1e-06	0.45596948994084263
CASSLSEGGEQYF	TRBV7-9*01	1e-06	0.22945401531244497
CASSAGQDTEAFF	TRBV9*03	1e-06	0.08890658114813851
CASSPLDNEQFF	TRBV19*01	1e-06	0.5654334033068587
CASSDHNSPLHF	TRBV6-4*01	1e-06	0.2052070453449042
CASRETNQPQHF	TRBV6-1*01	1e-06	0.18737940344406115
CASRQGNYGYTF	TRBV6-2*01	1e-06	0.1450356106897705
CSVAQGLGTQYF	TRBV29-1*01	1e-06	0.8823030918513012
CASSKNTEAFF	TRBV12-3*01	1e-06	0.13900097176565404
CASSRDRDYTF	TRBV28*01	1e-06	0.11491530805329266
CATSRERTGTSGGGNTGELFF	TRBV15*01	1e-06	0.5501010929008943
CATSRDKPSRGPYNEQFF	TRBV15*01	1e-06	0.8799665405332386
CASSPRTGALSGANVLTF	TRBV9*01	1e-06	0.7671454930363616
CASSPSTSGRSITGELFF	TRBV4-1*01	1e-06	0.5646649415063465
CASRPGTGGILGSQPQHF	TRBV28*01	1e-06	0.5925221302665031
CASRPGASGMGIYNEQFF	TRBV11-2*01	1e-06	0.6222359165873835
CASTPRGGGAYNSPLHF	TRBV2*01	1e-06	0.54067306058053
CASSFLWPGQGIDEQFF	TRBV5-1*01	1e-06	0.939685604005453
CSAREGSPGTSPHEQFF	TRBV20-1*01	1e-06	0.9918542909668797
CATSDPASGRAAEQYF	TRBV24-1*01	1e-06	0.8587308767518738
CASRPPGQINTGELFF	TRBV6-6*05	1e-06	0.7792441900329269
CASIDGLAGRTDTQYF	TRBV6-2*01	1e-06	0.8563632751240666
CASSYPGLAGSNEQFF	TRBV6-2*01	1e-06	0.6967024576230049
CASSEATGSGNSPLHF	TRBV6-1*01	1e-06	0.24607822212490366
CASSTGLAGNYNEQFF	TRBV27*01	1e-06	0.22458625053960143
CASSSYPYSPQETQYF	TRBV11-2*01	1e-06	0.8031255668305383
CARSPIAVVEVYEQYF	TRBV28*01	1e-06	0.8377687203189996
CASSFLGPGQGYGYTF	TRBV5-1*01	1e-06	0.4999064113955699
CASSTGQATNYGYTF	TRBV19*03	1e-06	0.27138360780545817
CASMEDLSGANVLTF	TRBV6-1*01	1e-06	0.8043096044617118
CASSLELSYNSPLHF	TRBV12-3*01	1e-06	0.5169793060768785
CASSYLASGSNEQFF	TRBV6-5*01	1e-06	0.6634812878983628
CASSESVIGSTEAFF	TRBV25-1*01	1e-06	0.43025953756420326
CASSELRGDNSPLHF	TRBV25-1*01	1e-06	0.3154835815212525
CASSPGTGGSYEQYF	TRBV7-2*01	1e-06	0.12250373300966802
CASSRGDGIGETQYF	TRBV6-6*05	1e-06	0.5206138218894147
CASSTPGQGINEQFF	TRBV6-6*03	1e-06	0.5342154391975411
CASRPPPGGRGEQYF	TRBV6-2*01	1e-06	0.7907683245358802
CASSLYISGSYGYTF	TRBV5-1*01	1e-06	0.7576584491611
CASAILGVGNTIYF	TRBV12-5*01	1e-06	0.4385479950135405
CAWSVPRGHYGYTF	TRBV30*01	1e-06	0.8799760845869838
CAWRRTGTTGELFF	TRBV30*01	1e-06	0.7181172078936482
CAGSGQYSNQPQHF	TRBV28*01	1e-06	0.3568787555264268
CASGLATGPDERYF	TRBV5-6*01	1e-06	0.604709649180406
CASTSRVSGNTIYF	TRBV6-1*01	1e-06	0.2797313033222704
CASSLSGRGSEQFF	TRBV12-3*01	1e-06	0.37733670199599034
CASSLIPYNYGYTF	TRBV28*01	1e-06	0.4590012413682152
CASSSPGQFHEQYF	TRBV28*01	1e-06	0.49072239128951617
CASSYLNNVDGYTF	TRBV6-5*01	1e-06	0.8454637001124652
CASSLGGAKDTQYF	TRBV6-6*04	1e-06	0.33392999026245335
CASSHPTGSYGYTF	TRBV12-3*01	1e-06	0.2761312505908266
CASSEREGVYGYTF	TRBV6-1*01	1e-06	0.2055260503211962
CASSSGRRGYEQYF	TRBV6-6*03	1e-06	0.21826889464724178
CASSSAGGTDTQYF	TRBV7-3*01	1e-06	0.15138400806156335
CASSEHQGAGELFF	TRBV7-8*01	1e-06	0.4964001651743567
CASRYDRGSYEQYF	TRBV28*01	1e-06	0.276015700309962
CASRADYNSPLHF	TRBV28*01	1e-06	0.3948038404794761
CASTLGGRTEAFF	TRBV28*01	1e-06	0.26202431248157854
CASSYGGSTEAFF	TRBV6-5*01	1e-06	0.09164988254925441
CASSPTLGNEQFF	TRBV12-3*01	1e-06	0.6654244924587188
CASSIRTEYGYTF	TRBV28*01	1e-06	0.38727047498683664
CASSSQTYNEQFF	TRBV28*01	1e-06	0.2538630617637119
CASSLKGTYEQYF	TRBV7-2*01	1e-06	0.2506958467146942
CASSLAQAYEQYF	TRBV11-2*01	1e-06	0.27730513239645055
CASSLGTDYRYTF	TRBV7-8*01	1e-06	0.1267647444796118
CASSLTQGRPLHF	TRBV7-3*01	1e-06	0.8486595410773082
CASSSGLSDGYTF	TRBV7-8*01	1e-06	0.29468592819004025
CASSPTGSEKLFF	TRBV7-2*01	1e-06	0.19061891123319713
CSVLGTSDTEAFF	TRBV29-1*01	1e-06	0.67658534991652
CASSYGGQSLHF	TRBV6-2*01	1e-06	0.5531360161560365
CASSDWGSEAFF	TRBV6-1*01	1e-06	0.28366114428707834
CASSRNNEQFF	TRBV18*01	1e-06	0.27987022334219563
